legislator_id,name_kanji,normalized_name,role_type,role_title,cabinet_name,cabinet_started_on,cabinet_ended_on,source_name,source_url,source_checked_at
05b5b4dc-d93a-420e-b6d3-b16d1a04b3db,加藤 勝信,加藤勝信,minister,厚生労働大臣,第2次岸田内閣 改造内閣,2022-08-10,2023-09-13,kantei_rekidai_naikaku,https://www.kantei.go.jp/jp/rekidainaikaku/101.html,2026-05-10
0fe4610b-a2e2-4521-b113-98922903ffd9,寺田 稔,寺田稔,minister,総務大臣,第2次岸田内閣 改造内閣,2022-08-10,2023-09-13,kantei_rekidai_naikaku,https://www.kantei.go.jp/jp/rekidainaikaku/101.html,2026-05-10
,小倉 將信,小倉將信,minister,内閣府特命担当大臣（こども政策 少子化対策 若者活躍 男女共同参画）、女性活躍担当、共生社会担当、孤独・孤立対策担当,第2次岸田内閣 改造内閣,2022-08-10,2023-09-13,kantei_rekidai_naikaku,https://www.kantei.go.jp/jp/rekidainaikaku/101.html,2026-05-10
59eb3150-ed75-4735-88b7-e984f74453c8,山際 大志郎,山際大志郎,minister,経済再生担当、新しい資本主義担当、スタートアップ担当、新型コロナ対策・健康危機管理担当、全世代型社会保障改革担当、内閣府特命担当大臣（経済財政政策）,第2次岸田内閣 改造内閣,2022-08-10,2023-09-13,kantei_rekidai_naikaku,https://www.kantei.go.jp/jp/rekidainaikaku/101.html,2026-05-10
ac811432-4de3-4d68-ba0f-2426f0a16802,岡田 直樹,岡田直樹,minister,内閣府特命担当大臣（沖縄及び北方対策 地方創生 規制改革 クールジャパン戦略 アイヌ施策）、デジタル田園都市国家構想担当、国際博覧会担当、行政改革担当,第2次岸田内閣 改造内閣,2022-08-10,2023-09-13,kantei_rekidai_naikaku,https://www.kantei.go.jp/jp/rekidainaikaku/101.html,2026-05-10
d0ebf5fd-e997-4607-a0bb-0b212b11ffa6,後藤 茂之,後藤茂之,minister,経済再生担当、新しい資本主義担当、スタートアップ担当、新型コロナ対策・健康危機管理担当、全世代型社会保障改革担当、内閣府特命担当大臣（経済財政政策）,第2次岸田内閣 改造内閣,2022-08-10,2023-09-13,kantei_rekidai_naikaku,https://www.kantei.go.jp/jp/rekidainaikaku/101.html,2026-05-10
a46c36c4-11f6-458c-ab5a-3be0d8c64165,斉藤 鉄夫,斉藤鉄夫,minister,国土交通大臣、水循環政策担当、国際園芸博覧会担当,第2次岸田内閣 改造内閣,2022-08-10,2023-09-13,kantei_rekidai_naikaku,https://www.kantei.go.jp/jp/rekidainaikaku/101.html,2026-05-10
,松本 剛明,松本剛明,minister,総務大臣,第2次岸田内閣 改造内閣,2022-08-10,2023-09-13,kantei_rekidai_naikaku,https://www.kantei.go.jp/jp/rekidainaikaku/101.html,2026-05-10
9e430218-9d08-452b-a75a-6adfbc61f585,松野 博一,松野博一,minister,内閣官房長官、沖縄基地負担軽減担当、拉致問題担当、ワクチン接種推進担当,第2次岸田内閣 改造内閣,2022-08-10,2023-09-13,kantei_rekidai_naikaku,https://www.kantei.go.jp/jp/rekidainaikaku/101.html,2026-05-10
e5547a7a-a622-434f-9cbd-48106a2ab39f,林 芳正,林芳正,minister,外務大臣,第2次岸田内閣 改造内閣,2022-08-10,2023-09-13,kantei_rekidai_naikaku,https://www.kantei.go.jp/jp/rekidainaikaku/101.html,2026-05-10
85baf80e-ab39-4148-b264-3b50b8f227cb,永岡 桂子,永岡桂子,minister,文部科学大臣、教育未来創造担当,第2次岸田内閣 改造内閣,2022-08-10,2023-09-13,kantei_rekidai_naikaku,https://www.kantei.go.jp/jp/rekidainaikaku/101.html,2026-05-10
166c2bbd-5d4b-4dc2-8933-1ee44013a1d8,河野 太郎,河野太郎,minister,デジタル大臣、内閣府特命担当大臣（デジタル改革 消費者及び食品安全）、国家公務員制度担当,第2次岸田内閣 改造内閣,2022-08-10,2023-09-13,kantei_rekidai_naikaku,https://www.kantei.go.jp/jp/rekidainaikaku/101.html,2026-05-10
de9fc632-cbfe-4a69-8591-7f85d5b1a46b,浜田 靖一,浜田靖一,minister,防衛大臣,第2次岸田内閣 改造内閣,2022-08-10,2023-09-13,kantei_rekidai_naikaku,https://www.kantei.go.jp/jp/rekidainaikaku/101.html,2026-05-10
8b997a1c-39a3-48fa-8059-1858cf3a0c18,渡辺 博道,渡辺博道,minister,復興大臣、福島原発事故再生総括担当,第2次岸田内閣 改造内閣,2022-08-10,2023-09-13,kantei_rekidai_naikaku,https://www.kantei.go.jp/jp/rekidainaikaku/101.html,2026-05-10
0934a584-1bc7-4f19-9530-446d3d145c1d,秋葉 賢也,秋葉賢也,minister,復興大臣、福島原発事故再生総括担当,第2次岸田内閣 改造内閣,2022-08-10,2023-09-13,kantei_rekidai_naikaku,https://www.kantei.go.jp/jp/rekidainaikaku/101.html,2026-05-10
8fc257f9-3eb5-4e4b-b142-b9d1c5d0a789,葉梨 康弘,葉梨康弘,minister,法務大臣,第2次岸田内閣 改造内閣,2022-08-10,2023-09-13,kantei_rekidai_naikaku,https://www.kantei.go.jp/jp/rekidainaikaku/101.html,2026-05-10
218c5de2-4fbe-419c-bd26-8f999b5fa130,西村 康稔,西村康稔,minister,経済産業大臣、原子力経済被害担当、ＧＸ実行推進担当、産業競争力担当、ロシア経済分野協力担当、内閣府特命担当大臣（原子力損害賠償・廃炉等支援機構）,第2次岸田内閣 改造内閣,2022-08-10,2023-09-13,kantei_rekidai_naikaku,https://www.kantei.go.jp/jp/rekidainaikaku/101.html,2026-05-10
b077186c-22bb-40df-882f-5e7ff0cab47a,西村 明宏,西村明宏,minister,環境大臣、内閣府特命担当大臣（原子力防災）,第2次岸田内閣 改造内閣,2022-08-10,2023-09-13,kantei_rekidai_naikaku,https://www.kantei.go.jp/jp/rekidainaikaku/101.html,2026-05-10
a2c3619d-39d1-4335-ad3a-ed35f784ef86,谷 公一,谷公一,minister,国家公安委員会委員長、国土強靱化担当、領土問題担当、内閣府特命担当大臣（防災 海洋政策）,第2次岸田内閣 改造内閣,2022-08-10,2023-09-13,kantei_rekidai_naikaku,https://www.kantei.go.jp/jp/rekidainaikaku/101.html,2026-05-10
ca6988e3-1e8f-4e66-904d-2e3eab41cd93,野村 哲郎,野村哲郎,minister,農林水産大臣,第2次岸田内閣 改造内閣,2022-08-10,2023-09-13,kantei_rekidai_naikaku,https://www.kantei.go.jp/jp/rekidainaikaku/101.html,2026-05-10
fc891f80-904d-41b5-9103-cc704ec713c8,鈴木 俊一,鈴木俊一,minister,財務大臣、内閣府特命担当大臣（金融）、デフレ脱却担当,第2次岸田内閣 改造内閣,2022-08-10,2023-09-13,kantei_rekidai_naikaku,https://www.kantei.go.jp/jp/rekidainaikaku/101.html,2026-05-10
9f03bc2a-12a1-4433-82d1-9d19f980b19b,高市 早苗,高市早苗,minister,経済安全保障担当、内閣府特命担当大臣（知的財産戦略 科学技術政策 宇宙政策 経済安全保障）,第2次岸田内閣 改造内閣,2022-08-10,2023-09-13,kantei_rekidai_naikaku,https://www.kantei.go.jp/jp/rekidainaikaku/101.html,2026-05-10
f2fa09b1-b459-41bb-a969-534d13460b90,齋藤 健,齋藤健,minister,法務大臣,第2次岸田内閣 改造内閣,2022-08-10,2023-09-13,kantei_rekidai_naikaku,https://www.kantei.go.jp/jp/rekidainaikaku/101.html,2026-05-10
c53a324b-9c86-4649-8037-7e951249ebba,中川 貴元,中川貴元,parliamentary_vice_minister,総務大臣政務官,第2次岸田内閣 改造内閣,2022-08-10,2023-09-13,kantei_rekidai_naikaku,https://www.kantei.go.jp/jp/rekidainaikaku/101.html,2026-05-10
324f8005-746e-48b9-9d93-d8f65277fcc2,中野 英幸,中野英幸,parliamentary_vice_minister,内閣府大臣政務官、兼復興大臣政務官,第2次岸田内閣 改造内閣,2022-08-10,2023-09-13,kantei_rekidai_naikaku,https://www.kantei.go.jp/jp/rekidainaikaku/101.html,2026-05-10
063f020a-ed21-423c-879c-d0ceac67509f,伊藤 孝江,伊藤孝江,parliamentary_vice_minister,文部科学大臣政務官,第2次岸田内閣 改造内閣,2022-08-10,2023-09-13,kantei_rekidai_naikaku,https://www.kantei.go.jp/jp/rekidainaikaku/101.html,2026-05-10
2399fc94-5a31-4841-ae0b-d000324f83c6,古川 康,古川康,parliamentary_vice_minister,国土交通大臣政務官,第2次岸田内閣 改造内閣,2022-08-10,2023-09-13,kantei_rekidai_naikaku,https://www.kantei.go.jp/jp/rekidainaikaku/101.html,2026-05-10
,吉川 ゆうみ,吉川ゆうみ,parliamentary_vice_minister,外務大臣政務官,第2次岸田内閣 改造内閣,2022-08-10,2023-09-13,kantei_rekidai_naikaku,https://www.kantei.go.jp/jp/rekidainaikaku/101.html,2026-05-10
d1e761db-2497-4329-9b5f-236c8d26ff56,国光 あやの,国光あやの,parliamentary_vice_minister,総務大臣政務官,第2次岸田内閣 改造内閣,2022-08-10,2023-09-13,kantei_rekidai_naikaku,https://www.kantei.go.jp/jp/rekidainaikaku/101.html,2026-05-10
266bcdee-21c1-4636-aafa-c72eff35a130,国定 勇人,国定勇人,parliamentary_vice_minister,環境大臣政務官,第2次岸田内閣 改造内閣,2022-08-10,2023-09-13,kantei_rekidai_naikaku,https://www.kantei.go.jp/jp/rekidainaikaku/101.html,2026-05-10
e6525ad5-123a-4b1a-a90e-eec3d16d171e,宮本 周司,宮本周司,parliamentary_vice_minister,財務大臣政務官,第2次岸田内閣 改造内閣,2022-08-10,2023-09-13,kantei_rekidai_naikaku,https://www.kantei.go.jp/jp/rekidainaikaku/101.html,2026-05-10
478ddd42-cc38-47a2-b75d-108c97fe0df6,小野田 紀美,小野田紀美,parliamentary_vice_minister,防衛大臣政務官,第2次岸田内閣 改造内閣,2022-08-10,2023-09-13,kantei_rekidai_naikaku,https://www.kantei.go.jp/jp/rekidainaikaku/101.html,2026-05-10
f97191fa-81a6-4539-ab7a-ad96c5e55b68,山本 左近,山本左近,parliamentary_vice_minister,文部科学大臣政務官、兼復興大臣政務官,第2次岸田内閣 改造内閣,2022-08-10,2023-09-13,kantei_rekidai_naikaku,https://www.kantei.go.jp/jp/rekidainaikaku/101.html,2026-05-10
c42f28de-54aa-468f-a310-781b64e483fb,木村 次郎,木村次郎,parliamentary_vice_minister,防衛大臣政務官、兼内閣府大臣政務官,第2次岸田内閣 改造内閣,2022-08-10,2023-09-13,kantei_rekidai_naikaku,https://www.kantei.go.jp/jp/rekidainaikaku/101.html,2026-05-10
8fe6b52d-9926-4ad3-be48-dd74e7603805,本田 顕子,本田顕子,parliamentary_vice_minister,厚生労働大臣政務官、兼内閣府大臣政務官,第2次岸田内閣 改造内閣,2022-08-10,2023-09-13,kantei_rekidai_naikaku,https://www.kantei.go.jp/jp/rekidainaikaku/101.html,2026-05-10
,杉田 水脈,杉田水脈,parliamentary_vice_minister,総務大臣政務官,第2次岸田内閣 改造内閣,2022-08-10,2023-09-13,kantei_rekidai_naikaku,https://www.kantei.go.jp/jp/rekidainaikaku/101.html,2026-05-10
,柳本 顕,柳本顕,parliamentary_vice_minister,環境大臣政務官、兼内閣府大臣政務官,第2次岸田内閣 改造内閣,2022-08-10,2023-09-13,kantei_rekidai_naikaku,https://www.kantei.go.jp/jp/rekidainaikaku/101.html,2026-05-10
aac3aa23-630e-4d48-be48-53d16b81c7cc,清水 真人,清水真人,parliamentary_vice_minister,国土交通大臣政務官,第2次岸田内閣 改造内閣,2022-08-10,2023-09-13,kantei_rekidai_naikaku,https://www.kantei.go.jp/jp/rekidainaikaku/101.html,2026-05-10
f429ff8c-2477-4fa3-af0a-16f67b4b09c1,畦元 将吾,畦元将吾,parliamentary_vice_minister,厚生労働大臣政務官,第2次岸田内閣 改造内閣,2022-08-10,2023-09-13,kantei_rekidai_naikaku,https://www.kantei.go.jp/jp/rekidainaikaku/101.html,2026-05-10
,秋本 真利,秋本真利,parliamentary_vice_minister,外務大臣政務官,第2次岸田内閣 改造内閣,2022-08-10,2023-09-13,kantei_rekidai_naikaku,https://www.kantei.go.jp/jp/rekidainaikaku/101.html,2026-05-10
b5c40009-6c85-48e6-ae6e-db55b9ef4e63,自見 はなこ,自見はなこ,parliamentary_vice_minister,内閣府大臣政務官,第2次岸田内閣 改造内閣,2022-08-10,2023-09-13,kantei_rekidai_naikaku,https://www.kantei.go.jp/jp/rekidainaikaku/101.html,2026-05-10
1df93dec-c866-46ec-b8c3-dbc6b4af14e0,藤木 眞也,藤木眞也,parliamentary_vice_minister,農林水産大臣政務官,第2次岸田内閣 改造内閣,2022-08-10,2023-09-13,kantei_rekidai_naikaku,https://www.kantei.go.jp/jp/rekidainaikaku/101.html,2026-05-10
47352e29-f73f-4c51-8753-47573eb6138d,西田 昭二,西田昭二,parliamentary_vice_minister,国土交通大臣政務官、兼内閣府大臣政務官、兼復興大臣政務官,第2次岸田内閣 改造内閣,2022-08-10,2023-09-13,kantei_rekidai_naikaku,https://www.kantei.go.jp/jp/rekidainaikaku/101.html,2026-05-10
5294d256-d5de-436d-91cc-8ce0d48ae122,角田 秀穂,角田秀穂,parliamentary_vice_minister,農林水産大臣政務官,第2次岸田内閣 改造内閣,2022-08-10,2023-09-13,kantei_rekidai_naikaku,https://www.kantei.go.jp/jp/rekidainaikaku/101.html,2026-05-10
3ac7d372-c445-4346-ba76-4299af791480,里見 隆治,里見隆治,parliamentary_vice_minister,経済産業大臣政務官、兼内閣府大臣政務官、兼復興大臣政務官,第2次岸田内閣 改造内閣,2022-08-10,2023-09-13,kantei_rekidai_naikaku,https://www.kantei.go.jp/jp/rekidainaikaku/101.html,2026-05-10
,金子 俊平,金子俊平,parliamentary_vice_minister,財務大臣政務官,第2次岸田内閣 改造内閣,2022-08-10,2023-09-13,kantei_rekidai_naikaku,https://www.kantei.go.jp/jp/rekidainaikaku/101.html,2026-05-10
affe7371-3450-4462-88ae-981f79bdaad7,鈴木 英敬,鈴木英敬,parliamentary_vice_minister,デジタル大臣政務官、兼内閣府大臣政務官、尾﨑 正直（おざき まさなお）、内閣府大臣政務官,第2次岸田内閣 改造内閣,2022-08-10,2023-09-13,kantei_rekidai_naikaku,https://www.kantei.go.jp/jp/rekidainaikaku/101.html,2026-05-10
,長峯 誠,長峯誠,parliamentary_vice_minister,経済産業大臣政務官、兼内閣府大臣政務官,第2次岸田内閣 改造内閣,2022-08-10,2023-09-13,kantei_rekidai_naikaku,https://www.kantei.go.jp/jp/rekidainaikaku/101.html,2026-05-10
6500d707-a9d7-45a3-850f-73e2aa29f629,長谷川 淳二,長谷川淳二,parliamentary_vice_minister,総務大臣政務官,第2次岸田内閣 改造内閣,2022-08-10,2023-09-13,kantei_rekidai_naikaku,https://www.kantei.go.jp/jp/rekidainaikaku/101.html,2026-05-10
2f6187b5-10aa-4f43-a1cf-2ce383568bbe,高見 康裕,高見康裕,parliamentary_vice_minister,法務大臣政務官,第2次岸田内閣 改造内閣,2022-08-10,2023-09-13,kantei_rekidai_naikaku,https://www.kantei.go.jp/jp/rekidainaikaku/101.html,2026-05-10
,髙木 啓,髙木啓,parliamentary_vice_minister,外務大臣政務官,第2次岸田内閣 改造内閣,2022-08-10,2023-09-13,kantei_rekidai_naikaku,https://www.kantei.go.jp/jp/rekidainaikaku/101.html,2026-05-10
0db76c6b-8e05-4366-85c2-6f7fecbe9c8e,岸田 文雄,岸田文雄,prime_minister,内閣総理大臣,第2次岸田内閣 改造内閣,2022-08-10,2023-09-13,kantei_rekidai_naikaku,https://www.kantei.go.jp/jp/rekidainaikaku/101.html,2026-05-10
6fd4d712-7bcb-4572-816c-44420f4c0d23,中谷 真一,中谷真一,senior_vice_minister,経済産業副大臣、兼内閣府副大臣,第2次岸田内閣 改造内閣,2022-08-10,2023-09-13,kantei_rekidai_naikaku,https://www.kantei.go.jp/jp/rekidainaikaku/101.html,2026-05-10
55dd3833-7bfa-4148-a09f-094d45c5856c,井上 貴博,井上貴博,senior_vice_minister,財務副大臣,第2次岸田内閣 改造内閣,2022-08-10,2023-09-13,kantei_rekidai_naikaku,https://www.kantei.go.jp/jp/rekidainaikaku/101.html,2026-05-10
cb2c177f-ed92-490a-95c4-134684b87ec4,井出 庸生,井出庸生,senior_vice_minister,文部科学副大臣,第2次岸田内閣 改造内閣,2022-08-10,2023-09-13,kantei_rekidai_naikaku,https://www.kantei.go.jp/jp/rekidainaikaku/101.html,2026-05-10
810cb6ed-0b1b-4418-a34c-a09aedc30218,井野 俊郎,井野俊郎,senior_vice_minister,防衛副大臣、兼内閣府副大臣,第2次岸田内閣 改造内閣,2022-08-10,2023-09-13,kantei_rekidai_naikaku,https://www.kantei.go.jp/jp/rekidainaikaku/101.html,2026-05-10
175b8cc1-ee38-45d5-83f7-a6cc86f53cbe,伊佐 進一,伊佐進一,senior_vice_minister,厚生労働副大臣、兼内閣府副大臣,第2次岸田内閣 改造内閣,2022-08-10,2023-09-13,kantei_rekidai_naikaku,https://www.kantei.go.jp/jp/rekidainaikaku/101.html,2026-05-10
cd656098-4717-4f7e-91ad-db0d382eabed,勝俣 孝明,勝俣孝明,senior_vice_minister,農林水産副大臣,第2次岸田内閣 改造内閣,2022-08-10,2023-09-13,kantei_rekidai_naikaku,https://www.kantei.go.jp/jp/rekidainaikaku/101.html,2026-05-10
8c479463-1de5-4a24-8552-c38102546c4d,和田 義明,和田義明,senior_vice_minister,内閣府副大臣,第2次岸田内閣 改造内閣,2022-08-10,2023-09-13,kantei_rekidai_naikaku,https://www.kantei.go.jp/jp/rekidainaikaku/101.html,2026-05-10
d89fb338-f4b3-4241-ac47-ebdfe43ac1ae,大串 正樹,大串正樹,senior_vice_minister,デジタル副大臣、兼内閣府副大臣,第2次岸田内閣 改造内閣,2022-08-10,2023-09-13,kantei_rekidai_naikaku,https://www.kantei.go.jp/jp/rekidainaikaku/101.html,2026-05-10
,太田 房江,太田房江,senior_vice_minister,経済産業副大臣、兼内閣府副大臣,第2次岸田内閣 改造内閣,2022-08-10,2023-09-13,kantei_rekidai_naikaku,https://www.kantei.go.jp/jp/rekidainaikaku/101.html,2026-05-10
,小島 敏文,小島敏文,senior_vice_minister,復興副大臣,第2次岸田内閣 改造内閣,2022-08-10,2023-09-13,kantei_rekidai_naikaku,https://www.kantei.go.jp/jp/rekidainaikaku/101.html,2026-05-10
edbbccb0-534e-4dcf-a605-d71ee10a1054,小林 茂樹,小林茂樹,senior_vice_minister,環境副大臣、兼内閣府副大臣,第2次岸田内閣 改造内閣,2022-08-10,2023-09-13,kantei_rekidai_naikaku,https://www.kantei.go.jp/jp/rekidainaikaku/101.html,2026-05-10
4b3ec621-8211-4ba7-8d82-54516a410201,尾身 朝子,尾身朝子,senior_vice_minister,総務副大臣,第2次岸田内閣 改造内閣,2022-08-10,2023-09-13,kantei_rekidai_naikaku,https://www.kantei.go.jp/jp/rekidainaikaku/101.html,2026-05-10
ce0a6866-31c0-4f9f-afcc-f39412c81fc0,山田 美樹,山田美樹,senior_vice_minister,環境副大臣,第2次岸田内閣 改造内閣,2022-08-10,2023-09-13,kantei_rekidai_naikaku,https://www.kantei.go.jp/jp/rekidainaikaku/101.html,2026-05-10
b9fcff3b-3c5e-42db-8f97-3a06b1269b68,山田 賢司,山田賢司,senior_vice_minister,外務副大臣,第2次岸田内閣 改造内閣,2022-08-10,2023-09-13,kantei_rekidai_naikaku,https://www.kantei.go.jp/jp/rekidainaikaku/101.html,2026-05-10
566a901b-acce-4d72-85bf-1916aa428d42,星野 剛士,星野剛士,senior_vice_minister,内閣府副大臣,第2次岸田内閣 改造内閣,2022-08-10,2023-09-13,kantei_rekidai_naikaku,https://www.kantei.go.jp/jp/rekidainaikaku/101.html,2026-05-10
,柘植 芳文,柘植芳文,senior_vice_minister,総務副大臣,第2次岸田内閣 改造内閣,2022-08-10,2023-09-13,kantei_rekidai_naikaku,https://www.kantei.go.jp/jp/rekidainaikaku/101.html,2026-05-10
5ea0898a-7741-47c2-a5e1-16e2b4950d67,武井 俊輔,武井俊輔,senior_vice_minister,外務副大臣,第2次岸田内閣 改造内閣,2022-08-10,2023-09-13,kantei_rekidai_naikaku,https://www.kantei.go.jp/jp/rekidainaikaku/101.html,2026-05-10
f176c292-6a7f-4a25-8e55-b95eb91a4da0,石井 浩郎,石井浩郎,senior_vice_minister,国土交通副大臣、兼内閣府副大臣、兼復興副大臣,第2次岸田内閣 改造内閣,2022-08-10,2023-09-13,kantei_rekidai_naikaku,https://www.kantei.go.jp/jp/rekidainaikaku/101.html,2026-05-10
70337031-7aba-4f06-8450-e67a0fea49ca,秋野 公造,秋野公造,senior_vice_minister,財務副大臣,第2次岸田内閣 改造内閣,2022-08-10,2023-09-13,kantei_rekidai_naikaku,https://www.kantei.go.jp/jp/rekidainaikaku/101.html,2026-05-10
a3f2907e-5b6f-4004-b875-365e8683d05a,竹谷 とし子,竹谷とし子,senior_vice_minister,復興副大臣,第2次岸田内閣 改造内閣,2022-08-10,2023-09-13,kantei_rekidai_naikaku,https://www.kantei.go.jp/jp/rekidainaikaku/101.html,2026-05-10
34db3834-2054-4ef5-b352-ce1dec06b00d,簗 和生,簗和生,senior_vice_minister,文部科学副大臣,第2次岸田内閣 改造内閣,2022-08-10,2023-09-13,kantei_rekidai_naikaku,https://www.kantei.go.jp/jp/rekidainaikaku/101.html,2026-05-10
,羽生田 俊,羽生田俊,senior_vice_minister,厚生労働副大臣,第2次岸田内閣 改造内閣,2022-08-10,2023-09-13,kantei_rekidai_naikaku,https://www.kantei.go.jp/jp/rekidainaikaku/101.html,2026-05-10
8ab45af3-3cc6-461c-8b13-9f5c57447e4a,藤丸 敏,藤丸敏,senior_vice_minister,内閣府副大臣,第2次岸田内閣 改造内閣,2022-08-10,2023-09-13,kantei_rekidai_naikaku,https://www.kantei.go.jp/jp/rekidainaikaku/101.html,2026-05-10
,豊田 俊郎,豊田俊郎,senior_vice_minister,国土交通副大臣,第2次岸田内閣 改造内閣,2022-08-10,2023-09-13,kantei_rekidai_naikaku,https://www.kantei.go.jp/jp/rekidainaikaku/101.html,2026-05-10
ad43827d-7b6b-40c6-afde-d605da399ef8,野中 厚,野中厚,senior_vice_minister,農林水産副大臣,第2次岸田内閣 改造内閣,2022-08-10,2023-09-13,kantei_rekidai_naikaku,https://www.kantei.go.jp/jp/rekidainaikaku/101.html,2026-05-10
15f13d80-f8a7-4e57-b869-4fc8f723a20b,門山 宏哲,門山宏哲,senior_vice_minister,法務副大臣,第2次岸田内閣 改造内閣,2022-08-10,2023-09-13,kantei_rekidai_naikaku,https://www.kantei.go.jp/jp/rekidainaikaku/101.html,2026-05-10
7328187b-da1d-468c-8d47-45b38d33b0f5,上川 陽子,上川陽子,minister,外務大臣,第2次岸田内閣 第2次改造内閣,2023-09-13,,kantei_rekidai_naikaku,https://www.kantei.go.jp/jp/rekidainaikaku/101.html,2026-05-10
5ef0cff9-d36c-42b8-87d3-39e79e479cee,加藤 鮎子,加藤鮎子,minister,内閣府特命担当大臣（こども政策 少子化対策 若者活躍 男女共同参画、孤独・孤立対策）、女性活躍担当、共生社会担当,第2次岸田内閣 第2次改造内閣,2023-09-13,,kantei_rekidai_naikaku,https://www.kantei.go.jp/jp/rekidainaikaku/101.html,2026-05-10
9b5e3f14-60dc-4970-88c2-e281fa2c9d3c,土屋 品子,土屋品子,minister,復興大臣、福島原発事故再生総括担当,第2次岸田内閣 第2次改造内閣,2023-09-13,,kantei_rekidai_naikaku,https://www.kantei.go.jp/jp/rekidainaikaku/101.html,2026-05-10
a47b1962-8d5f-455d-96c5-f0d95bc4d58e,坂本 哲志,坂本哲志,minister,農林水産大臣,第2次岸田内閣 第2次改造内閣,2023-09-13,,kantei_rekidai_naikaku,https://www.kantei.go.jp/jp/rekidainaikaku/101.html,2026-05-10
5b0cc47a-1cc4-4248-bd75-dd54a88a7968,宮下 一郎,宮下一郎,minister,農林水産大臣,第2次岸田内閣 第2次改造内閣,2023-09-13,,kantei_rekidai_naikaku,https://www.kantei.go.jp/jp/rekidainaikaku/101.html,2026-05-10
32042b81-6019-4ba2-a271-147820805dba,小泉 龍司,小泉龍司,minister,法務大臣,第2次岸田内閣 第2次改造内閣,2023-09-13,,kantei_rekidai_naikaku,https://www.kantei.go.jp/jp/rekidainaikaku/101.html,2026-05-10
a46c36c4-11f6-458c-ab5a-3be0d8c64165,斉藤 鉄夫,斉藤鉄夫,minister,国土交通大臣、水循環政策担当、国際園芸博覧会担当,第2次岸田内閣 第2次改造内閣,2023-09-13,,kantei_rekidai_naikaku,https://www.kantei.go.jp/jp/rekidainaikaku/101.html,2026-05-10
08488ebe-2346-4b39-82e0-3a5e55ea9699,新藤 義孝,新藤義孝,minister,経済再生担当、新しい資本主義担当、スタートアップ担当、感染症危機管理担当、全世代型社会保障改革担当、内閣府特命担当大臣（経済財政政策）,第2次岸田内閣 第2次改造内閣,2023-09-13,,kantei_rekidai_naikaku,https://www.kantei.go.jp/jp/rekidainaikaku/101.html,2026-05-10
cbdbfa2e-ce65-4b4c-b082-8fb692e85314,木原 稔,木原稔,minister,環境大臣、内閣府特命担当大臣（原子力防災）、いとう しんたろう（いとう しんたろう）、防衛大臣,第2次岸田内閣 第2次改造内閣,2023-09-13,,kantei_rekidai_naikaku,https://www.kantei.go.jp/jp/rekidainaikaku/101.html,2026-05-10
,松本 剛明,松本剛明,minister,総務大臣,第2次岸田内閣 第2次改造内閣,2023-09-13,,kantei_rekidai_naikaku,https://www.kantei.go.jp/jp/rekidainaikaku/101.html,2026-05-10
77be992e-7552-4156-886e-7f8eea4d7b06,松村 祥史,松村祥史,minister,国家公安委員会委員長、国土強靱化担当、領土問題担当、内閣府特命担当大臣（防災 海洋政策）,第2次岸田内閣 第2次改造内閣,2023-09-13,,kantei_rekidai_naikaku,https://www.kantei.go.jp/jp/rekidainaikaku/101.html,2026-05-10
9e430218-9d08-452b-a75a-6adfbc61f585,松野 博一,松野博一,minister,内閣官房長官、沖縄基地負担軽減担当、拉致問題担当,第2次岸田内閣 第2次改造内閣,2023-09-13,,kantei_rekidai_naikaku,https://www.kantei.go.jp/jp/rekidainaikaku/101.html,2026-05-10
e5547a7a-a622-434f-9cbd-48106a2ab39f,林 芳正,林芳正,minister,内閣官房長官、沖縄基地負担軽減担当、拉致問題担当,第2次岸田内閣 第2次改造内閣,2023-09-13,,kantei_rekidai_naikaku,https://www.kantei.go.jp/jp/rekidainaikaku/101.html,2026-05-10
,武見 敬三,武見敬三,minister,厚生労働大臣,第2次岸田内閣 第2次改造内閣,2023-09-13,,kantei_rekidai_naikaku,https://www.kantei.go.jp/jp/rekidainaikaku/101.html,2026-05-10
166c2bbd-5d4b-4dc2-8933-1ee44013a1d8,河野 太郎,河野太郎,minister,デジタル大臣、デジタル行財政改革担当、デジタル田園都市国家構想担当、行政改革担当、国家公務員制度担当、内閣府特命担当大臣（規制改革）,第2次岸田内閣 第2次改造内閣,2023-09-13,,kantei_rekidai_naikaku,https://www.kantei.go.jp/jp/rekidainaikaku/101.html,2026-05-10
d5ec171f-cc29-429e-b2e8-03e31c712b5f,盛山 正仁,盛山正仁,minister,文部科学大臣,第2次岸田内閣 第2次改造内閣,2023-09-13,,kantei_rekidai_naikaku,https://www.kantei.go.jp/jp/rekidainaikaku/101.html,2026-05-10
b5c40009-6c85-48e6-ae6e-db55b9ef4e63,自見 はなこ,自見はなこ,minister,内閣府特命担当大臣（沖縄及び北方対策 消費者及び食品安全 地方創生 アイヌ施策）、国際博覧会担当,第2次岸田内閣 第2次改造内閣,2023-09-13,,kantei_rekidai_naikaku,https://www.kantei.go.jp/jp/rekidainaikaku/101.html,2026-05-10
218c5de2-4fbe-419c-bd26-8f999b5fa130,西村 康稔,西村康稔,minister,経済産業大臣、原子力経済被害担当、ＧＸ実行推進担当、産業競争力担当、ロシア経済分野協力担当、内閣府特命担当大臣（原子力損害賠償・廃炉等支援機構）,第2次岸田内閣 第2次改造内閣,2023-09-13,,kantei_rekidai_naikaku,https://www.kantei.go.jp/jp/rekidainaikaku/101.html,2026-05-10
fc891f80-904d-41b5-9103-cc704ec713c8,鈴木 俊一,鈴木俊一,minister,財務大臣、内閣府特命担当大臣（金融）、デフレ脱却担当,第2次岸田内閣 第2次改造内閣,2023-09-13,,kantei_rekidai_naikaku,https://www.kantei.go.jp/jp/rekidainaikaku/101.html,2026-05-10
083a3469-9924-461e-9197-b6d4d7cb5245,鈴木 淳司,鈴木淳司,minister,総務大臣,第2次岸田内閣 第2次改造内閣,2023-09-13,,kantei_rekidai_naikaku,https://www.kantei.go.jp/jp/rekidainaikaku/101.html,2026-05-10
9f03bc2a-12a1-4433-82d1-9d19f980b19b,高市 早苗,高市早苗,minister,経済安全保障担当、内閣府特命担当大臣（クールジャパン戦略 知的財産戦略 科学技術政策 宇宙政策 経済安全保障）,第2次岸田内閣 第2次改造内閣,2023-09-13,,kantei_rekidai_naikaku,https://www.kantei.go.jp/jp/rekidainaikaku/101.html,2026-05-10
f2fa09b1-b459-41bb-a969-534d13460b90,齋藤 健,齋藤健,minister,経済産業大臣、原子力経済被害担当、ＧＸ実行推進担当、産業競争力担当、ロシア経済分野協力担当、内閣府特命担当大臣（原子力損害賠償・廃炉等支援機構）,第2次岸田内閣 第2次改造内閣,2023-09-13,,kantei_rekidai_naikaku,https://www.kantei.go.jp/jp/rekidainaikaku/101.html,2026-05-10
37d0bff1-2ad8-4867-ad37-910ad56c170c,こやり 隆史,こやり隆史,parliamentary_vice_minister,国土交通大臣政務官,第2次岸田内閣 第2次改造内閣,2023-09-13,,kantei_rekidai_naikaku,https://www.kantei.go.jp/jp/rekidainaikaku/101.html,2026-05-10
,三宅 伸吾,三宅伸吾,parliamentary_vice_minister,防衛大臣政務官、兼内閣府大臣政務官,第2次岸田内閣 第2次改造内閣,2023-09-13,,kantei_rekidai_naikaku,https://www.kantei.go.jp/jp/rekidainaikaku/101.html,2026-05-10
,三浦 靖,三浦靖,parliamentary_vice_minister,厚生労働大臣政務官,第2次岸田内閣 第2次改造内閣,2023-09-13,,kantei_rekidai_naikaku,https://www.kantei.go.jp/jp/rekidainaikaku/101.html,2026-05-10
324f8005-746e-48b9-9d93-d8f65277fcc2,中野 英幸,中野英幸,parliamentary_vice_minister,法務大臣政務官,第2次岸田内閣 第2次改造内閣,2023-09-13,,kantei_rekidai_naikaku,https://www.kantei.go.jp/jp/rekidainaikaku/101.html,2026-05-10
1123d58b-f099-426f-9f45-61df59e090b3,佐藤 啓,佐藤啓,parliamentary_vice_minister,財務大臣政務官,第2次岸田内閣 第2次改造内閣,2023-09-13,,kantei_rekidai_naikaku,https://www.kantei.go.jp/jp/rekidainaikaku/101.html,2026-05-10
b617ac82-0d8d-4127-9486-41fdc0639fa9,加藤 竜祥,加藤竜祥,parliamentary_vice_minister,国土交通大臣政務官、兼内閣府大臣政務官、兼復興大臣政務官,第2次岸田内閣 第2次改造内閣,2023-09-13,,kantei_rekidai_naikaku,https://www.kantei.go.jp/jp/rekidainaikaku/101.html,2026-05-10
c2cc9535-5c60-4a43-a68d-3e632081097a,古賀 友一郎,古賀友一郎,parliamentary_vice_minister,内閣府大臣政務官,第2次岸田内閣 第2次改造内閣,2023-09-13,,kantei_rekidai_naikaku,https://www.kantei.go.jp/jp/rekidainaikaku/101.html,2026-05-10
1d8563f1-bacf-40e3-8b5a-0ca417c50552,吉田 宣弘,吉田宣弘,parliamentary_vice_minister,経済産業大臣政務官、兼内閣府大臣政務官、兼復興大臣政務官,第2次岸田内閣 第2次改造内閣,2023-09-13,,kantei_rekidai_naikaku,https://www.kantei.go.jp/jp/rekidainaikaku/101.html,2026-05-10
266bcdee-21c1-4636-aafa-c72eff35a130,国定 勇人,国定勇人,parliamentary_vice_minister,環境大臣政務官、兼内閣府大臣政務官,第2次岸田内閣 第2次改造内閣,2023-09-13,,kantei_rekidai_naikaku,https://www.kantei.go.jp/jp/rekidainaikaku/101.html,2026-05-10
502ac190-3736-43de-91d1-c6f895666686,土田 慎,土田慎,parliamentary_vice_minister,デジタル大臣政務官、兼内閣府大臣政務官,第2次岸田内閣 第2次改造内閣,2023-09-13,,kantei_rekidai_naikaku,https://www.kantei.go.jp/jp/rekidainaikaku/101.html,2026-05-10
4d52ae7a-4125-4379-95af-88afa2c2fb5b,塩崎 彰久,塩崎彰久,parliamentary_vice_minister,厚生労働大臣政務官,第2次岸田内閣 第2次改造内閣,2023-09-13,,kantei_rekidai_naikaku,https://www.kantei.go.jp/jp/rekidainaikaku/101.html,2026-05-10
,安江 伸夫,安江伸夫,parliamentary_vice_minister,文部科学大臣政務官,第2次岸田内閣 第2次改造内閣,2023-09-13,,kantei_rekidai_naikaku,https://www.kantei.go.jp/jp/rekidainaikaku/101.html,2026-05-10
aeb85d11-07b3-4dd9-b015-a2392665aeca,小森 卓郎,小森卓郎,parliamentary_vice_minister,総務大臣政務官,第2次岸田内閣 第2次改造内閣,2023-09-13,,kantei_rekidai_naikaku,https://www.kantei.go.jp/jp/rekidainaikaku/101.html,2026-05-10
4dc3e3e8-8156-444b-a2f7-58e116513394,山田 太郎,山田太郎,parliamentary_vice_minister,文部科学大臣政務官、兼復興大臣政務官,第2次岸田内閣 第2次改造内閣,2023-09-13,,kantei_rekidai_naikaku,https://www.kantei.go.jp/jp/rekidainaikaku/101.html,2026-05-10
ea380c95-5eab-434d-b6c9-c4a2402d00d1,平沼 正二郎,平沼正二郎,parliamentary_vice_minister,内閣府大臣政務官、兼復興大臣政務官,第2次岸田内閣 第2次改造内閣,2023-09-13,,kantei_rekidai_naikaku,https://www.kantei.go.jp/jp/rekidainaikaku/101.html,2026-05-10
485c893f-c6dc-4352-b96e-208533022f96,朝日 健太郎,朝日健太郎,parliamentary_vice_minister,国土交通大臣政務官、兼内閣府大臣政務官、兼復興大臣政務官、尾﨑 正直（おざき まさなお）、環境大臣政務官,第2次岸田内閣 第2次改造内閣,2023-09-13,,kantei_rekidai_naikaku,https://www.kantei.go.jp/jp/rekidainaikaku/101.html,2026-05-10
8fe6b52d-9926-4ad3-be48-dd74e7603805,本田 顕子,本田顕子,parliamentary_vice_minister,文部科学大臣政務官、兼復興大臣政務官,第2次岸田内閣 第2次改造内閣,2023-09-13,,kantei_rekidai_naikaku,https://www.kantei.go.jp/jp/rekidainaikaku/101.html,2026-05-10
2a23953c-6d75-434f-b72d-486cfdc1f93d,松本 尚,松本尚,parliamentary_vice_minister,防衛大臣政務官,第2次岸田内閣 第2次改造内閣,2023-09-13,,kantei_rekidai_naikaku,https://www.kantei.go.jp/jp/rekidainaikaku/101.html,2026-05-10
38e532c0-27cd-4f8c-8b9c-af48caeede8d,深澤 陽一,深澤陽一,parliamentary_vice_minister,外務大臣政務官,第2次岸田内閣 第2次改造内閣,2023-09-13,,kantei_rekidai_naikaku,https://www.kantei.go.jp/jp/rekidainaikaku/101.html,2026-05-10
9a567938-dcfc-43e4-906e-cd5dbb4b95d2,瀬戸 隆一,瀬戸隆一,parliamentary_vice_minister,財務大臣政務官,第2次岸田内閣 第2次改造内閣,2023-09-13,,kantei_rekidai_naikaku,https://www.kantei.go.jp/jp/rekidainaikaku/101.html,2026-05-10
1473b731-20d5-4c5d-adff-356c70b8bd07,石井 拓,石井拓,parliamentary_vice_minister,経済産業大臣政務官、兼内閣府大臣政務官,第2次岸田内閣 第2次改造内閣,2023-09-13,,kantei_rekidai_naikaku,https://www.kantei.go.jp/jp/rekidainaikaku/101.html,2026-05-10
d8dbd728-fc0f-4580-85b6-98994a9ef9f2,石橋 林太郎,石橋林太郎,parliamentary_vice_minister,国土交通大臣政務官,第2次岸田内閣 第2次改造内閣,2023-09-13,,kantei_rekidai_naikaku,https://www.kantei.go.jp/jp/rekidainaikaku/101.html,2026-05-10
10c42c93-475e-4921-90d6-f3adee0afb42,神田 潤一,神田潤一,parliamentary_vice_minister,内閣府大臣政務官,第2次岸田内閣 第2次改造内閣,2023-09-13,,kantei_rekidai_naikaku,https://www.kantei.go.jp/jp/rekidainaikaku/101.html,2026-05-10
7238c9c4-c367-48c2-9ed0-07727057eb69,穂坂 泰,穂坂泰,parliamentary_vice_minister,外務大臣政務官,第2次岸田内閣 第2次改造内閣,2023-09-13,,kantei_rekidai_naikaku,https://www.kantei.go.jp/jp/rekidainaikaku/101.html,2026-05-10
f083d13f-38fc-4238-b7af-b8a2dd30ada6,舞立 昇治,舞立昇治,parliamentary_vice_minister,農林水産大臣政務官,第2次岸田内閣 第2次改造内閣,2023-09-13,,kantei_rekidai_naikaku,https://www.kantei.go.jp/jp/rekidainaikaku/101.html,2026-05-10
828e3e50-539a-4877-ad99-02044a39073d,船橋 利実,船橋利実,parliamentary_vice_minister,総務大臣政務官,第2次岸田内閣 第2次改造内閣,2023-09-13,,kantei_rekidai_naikaku,https://www.kantei.go.jp/jp/rekidainaikaku/101.html,2026-05-10
47352e29-f73f-4c51-8753-47573eb6138d,西田 昭二,西田昭二,parliamentary_vice_minister,総務大臣政務官,第2次岸田内閣 第2次改造内閣,2023-09-13,,kantei_rekidai_naikaku,https://www.kantei.go.jp/jp/rekidainaikaku/101.html,2026-05-10
df203168-ad93-49c8-b64a-6965663b97f9,進藤 金日子,進藤金日子,parliamentary_vice_minister,財務大臣政務官,第2次岸田内閣 第2次改造内閣,2023-09-13,,kantei_rekidai_naikaku,https://www.kantei.go.jp/jp/rekidainaikaku/101.html,2026-05-10
6500d707-a9d7-45a3-850f-73e2aa29f629,長谷川 淳二,長谷川淳二,parliamentary_vice_minister,総務大臣政務官,第2次岸田内閣 第2次改造内閣,2023-09-13,,kantei_rekidai_naikaku,https://www.kantei.go.jp/jp/rekidainaikaku/101.html,2026-05-10
bfc95a54-0d22-4f06-bd3d-4bb91cdfc68a,高村 正大,高村正大,parliamentary_vice_minister,外務大臣政務官,第2次岸田内閣 第2次改造内閣,2023-09-13,,kantei_rekidai_naikaku,https://www.kantei.go.jp/jp/rekidainaikaku/101.html,2026-05-10
85f1ea84-925f-4fed-b97c-9d9364461d81,高橋 光男,高橋光男,parliamentary_vice_minister,農林水産大臣政務官,第2次岸田内閣 第2次改造内閣,2023-09-13,,kantei_rekidai_naikaku,https://www.kantei.go.jp/jp/rekidainaikaku/101.html,2026-05-10
0db76c6b-8e05-4366-85c2-6f7fecbe9c8e,岸田 文雄,岸田文雄,prime_minister,内閣総理大臣,第2次岸田内閣 第2次改造内閣,2023-09-13,,kantei_rekidai_naikaku,https://www.kantei.go.jp/jp/rekidainaikaku/101.html,2026-05-10
f09defbc-6a37-4f49-bbcb-694dfd8bcd8b,あべ 俊子,あべ俊子,senior_vice_minister,文部科学副大臣,第2次岸田内閣 第2次改造内閣,2023-09-13,,kantei_rekidai_naikaku,https://www.kantei.go.jp/jp/rekidainaikaku/101.html,2026-05-10
9297a086-0cfe-4cb4-a439-7aa7a17164a3,上月 良祐,上月良祐,senior_vice_minister,経済産業副大臣、兼内閣府副大臣,第2次岸田内閣 第2次改造内閣,2023-09-13,,kantei_rekidai_naikaku,https://www.kantei.go.jp/jp/rekidainaikaku/101.html,2026-05-10
8fa904f8-86d2-4cd1-844e-f8ae87eb3159,井林 辰憲,井林辰憲,senior_vice_minister,内閣府副大臣,第2次岸田内閣 第2次改造内閣,2023-09-13,,kantei_rekidai_naikaku,https://www.kantei.go.jp/jp/rekidainaikaku/101.html,2026-05-10
4800f309-cdfd-456a-8d8b-34879adb985b,今枝 宗一郎,今枝宗一郎,senior_vice_minister,文部科学副大臣,第2次岸田内閣 第2次改造内閣,2023-09-13,,kantei_rekidai_naikaku,https://www.kantei.go.jp/jp/rekidainaikaku/101.html,2026-05-10
,八木 哲也,八木哲也,senior_vice_minister,環境副大臣,第2次岸田内閣 第2次改造内閣,2023-09-13,,kantei_rekidai_naikaku,https://www.kantei.go.jp/jp/rekidainaikaku/101.html,2026-05-10
8c7e4a11-93ad-405a-ae63-16bbb378ab2e,古賀 篤,古賀篤,senior_vice_minister,内閣府副大臣,第2次岸田内閣 第2次改造内閣,2023-09-13,,kantei_rekidai_naikaku,https://www.kantei.go.jp/jp/rekidainaikaku/101.html,2026-05-10
c295c9f1-3fca-45d4-87c9-5523cc754079,國場 幸之助,國場幸之助,senior_vice_minister,国土交通副大臣,第2次岸田内閣 第2次改造内閣,2023-09-13,,kantei_rekidai_naikaku,https://www.kantei.go.jp/jp/rekidainaikaku/101.html,2026-05-10
,堀井 学,堀井学,senior_vice_minister,内閣府副大臣,第2次岸田内閣 第2次改造内閣,2023-09-13,,kantei_rekidai_naikaku,https://www.kantei.go.jp/jp/rekidainaikaku/101.html,2026-05-10
b5f36817-4a7b-42b5-bb85-83b02f68e372,堀井 巌,堀井巌,senior_vice_minister,外務副大臣,第2次岸田内閣 第2次改造内閣,2023-09-13,,kantei_rekidai_naikaku,https://www.kantei.go.jp/jp/rekidainaikaku/101.html,2026-05-10
,堂故 茂,堂故茂,senior_vice_minister,国土交通副大臣、兼内閣府副大臣、兼復興副大臣,第2次岸田内閣 第2次改造内閣,2023-09-13,,kantei_rekidai_naikaku,https://www.kantei.go.jp/jp/rekidainaikaku/101.html,2026-05-10
,宮澤 博行,宮澤博行,senior_vice_minister,防衛副大臣、兼内閣府副大臣,第2次岸田内閣 第2次改造内閣,2023-09-13,,kantei_rekidai_naikaku,https://www.kantei.go.jp/jp/rekidainaikaku/101.html,2026-05-10
f401d9b8-a626-481f-94b2-174d65ba1b6b,岩田 和親,岩田和親,senior_vice_minister,経済産業副大臣、兼内閣府副大臣,第2次岸田内閣 第2次改造内閣,2023-09-13,,kantei_rekidai_naikaku,https://www.kantei.go.jp/jp/rekidainaikaku/101.html,2026-05-10
aaffafd5-d21f-4573-a1bb-9e8232b4e05a,工藤 彰三,工藤彰三,senior_vice_minister,内閣府副大臣,第2次岸田内閣 第2次改造内閣,2023-09-13,,kantei_rekidai_naikaku,https://www.kantei.go.jp/jp/rekidainaikaku/101.html,2026-05-10
7832cb96-c973-434a-97c8-9de4af07b24b,平木 大作,平木大作,senior_vice_minister,復興副大臣,第2次岸田内閣 第2次改造内閣,2023-09-13,,kantei_rekidai_naikaku,https://www.kantei.go.jp/jp/rekidainaikaku/101.html,2026-05-10
,柘植 芳文,柘植芳文,senior_vice_minister,外務副大臣、つじ きよと（つじ きよと）、外務副大臣,第2次岸田内閣 第2次改造内閣,2023-09-13,,kantei_rekidai_naikaku,https://www.kantei.go.jp/jp/rekidainaikaku/101.html,2026-05-10
,柿沢 未途,柿沢未途,senior_vice_minister,法務副大臣,第2次岸田内閣 第2次改造内閣,2023-09-13,,kantei_rekidai_naikaku,https://www.kantei.go.jp/jp/rekidainaikaku/101.html,2026-05-10
a1ff8308-d487-4766-8d57-f87032e5228b,武村 展英,武村展英,senior_vice_minister,農林水産副大臣,第2次岸田内閣 第2次改造内閣,2023-09-13,,kantei_rekidai_naikaku,https://www.kantei.go.jp/jp/rekidainaikaku/101.html,2026-05-10
f8bbd621-456a-44b6-9e7f-60a354d6552f,渡辺 孝一,渡辺孝一,senior_vice_minister,総務副大臣,第2次岸田内閣 第2次改造内閣,2023-09-13,,kantei_rekidai_naikaku,https://www.kantei.go.jp/jp/rekidainaikaku/101.html,2026-05-10
,滝沢 求,滝沢求,senior_vice_minister,環境副大臣、兼内閣府副大臣,第2次岸田内閣 第2次改造内閣,2023-09-13,,kantei_rekidai_naikaku,https://www.kantei.go.jp/jp/rekidainaikaku/101.html,2026-05-10
,濵地 雅一,濵地雅一,senior_vice_minister,厚生労働副大臣,第2次岸田内閣 第2次改造内閣,2023-09-13,,kantei_rekidai_naikaku,https://www.kantei.go.jp/jp/rekidainaikaku/101.html,2026-05-10
,矢倉 克夫,矢倉克夫,senior_vice_minister,財務副大臣,第2次岸田内閣 第2次改造内閣,2023-09-13,,kantei_rekidai_naikaku,https://www.kantei.go.jp/jp/rekidainaikaku/101.html,2026-05-10
b6c26384-e331-4977-9fc1-1f3599ccd291,石川 昭政,石川昭政,senior_vice_minister,デジタル副大臣、兼内閣府副大臣,第2次岸田内閣 第2次改造内閣,2023-09-13,,kantei_rekidai_naikaku,https://www.kantei.go.jp/jp/rekidainaikaku/101.html,2026-05-10
,神田 憲次,神田憲次,senior_vice_minister,財務副大臣,第2次岸田内閣 第2次改造内閣,2023-09-13,,kantei_rekidai_naikaku,https://www.kantei.go.jp/jp/rekidainaikaku/101.html,2026-05-10
f82b432d-c0ad-4891-a413-c87d495702f3,赤澤 亮正,赤澤亮正,senior_vice_minister,財務副大臣,第2次岸田内閣 第2次改造内閣,2023-09-13,,kantei_rekidai_naikaku,https://www.kantei.go.jp/jp/rekidainaikaku/101.html,2026-05-10
35a3bfa1-1a1c-4678-a070-edaa97a2c61f,酒井 庸行,酒井庸行,senior_vice_minister,経済産業副大臣、兼内閣府副大臣,第2次岸田内閣 第2次改造内閣,2023-09-13,,kantei_rekidai_naikaku,https://www.kantei.go.jp/jp/rekidainaikaku/101.html,2026-05-10
9fa72430-6133-4083-9563-2555e21d592d,鈴木 憲和,鈴木憲和,senior_vice_minister,厚生労働副大臣、宮﨑 政久（みやざき まさひさ）、農林水産副大臣,第2次岸田内閣 第2次改造内閣,2023-09-13,,kantei_rekidai_naikaku,https://www.kantei.go.jp/jp/rekidainaikaku/101.html,2026-05-10
15f13d80-f8a7-4e57-b869-4fc8f723a20b,門山 宏哲,門山宏哲,senior_vice_minister,法務副大臣,第2次岸田内閣 第2次改造内閣,2023-09-13,,kantei_rekidai_naikaku,https://www.kantei.go.jp/jp/rekidainaikaku/101.html,2026-05-10
157e9c8f-a0ce-4aca-b157-70cde6a15408,青山 周平,青山周平,senior_vice_minister,文部科学副大臣,第2次岸田内閣 第2次改造内閣,2023-09-13,,kantei_rekidai_naikaku,https://www.kantei.go.jp/jp/rekidainaikaku/101.html,2026-05-10
a6f2f7a0-455c-433c-8955-24fb5d534789,馬場 成志,馬場成志,senior_vice_minister,総務副大臣,第2次岸田内閣 第2次改造内閣,2023-09-13,,kantei_rekidai_naikaku,https://www.kantei.go.jp/jp/rekidainaikaku/101.html,2026-05-10
c7140426-5eb9-469d-9b3e-b194a7a6e2c0,高木 宏壽,高木宏壽,senior_vice_minister,復興副大臣,第2次岸田内閣 第2次改造内閣,2023-09-13,,kantei_rekidai_naikaku,https://www.kantei.go.jp/jp/rekidainaikaku/101.html,2026-05-10
af6065df-9783-4364-aeb2-725a75874417,鬼木 誠,鬼木誠,senior_vice_minister,防衛副大臣、兼内閣府副大臣,第2次岸田内閣 第2次改造内閣,2023-09-13,,kantei_rekidai_naikaku,https://www.kantei.go.jp/jp/rekidainaikaku/101.html,2026-05-10
f09defbc-6a37-4f49-bbcb-694dfd8bcd8b,あべ 俊子,あべ俊子,minister,文部科学大臣,第1次石破内閣,2024-10-01,2024-11-11,kantei_rekidai_naikaku,https://www.kantei.go.jp/jp/rekidainaikaku/102.html,2026-05-10
446d07b2-2289-4827-982c-34bb42e510f0,三原 じゅん子,三原じゅん子,minister,内閣府特命担当大臣（こども政策 少子化対策 若者活躍 男女共同参画 共生・共助）、女性活躍担当、共生社会担当,第1次石破内閣,2024-10-01,2024-11-11,kantei_rekidai_naikaku,https://www.kantei.go.jp/jp/rekidainaikaku/102.html,2026-05-10
d9dc2b2e-a2fb-4e32-a467-7540673e25f6,中谷 元,中谷元,minister,防衛大臣,第1次石破内閣,2024-10-01,2024-11-11,kantei_rekidai_naikaku,https://www.kantei.go.jp/jp/rekidainaikaku/102.html,2026-05-10
ad7dde60-0a6e-4c81-a973-55b927e46d8f,伊東 良孝,伊東良孝,minister,内閣府特命担当大臣（沖縄及び北方対策 消費者及び食品安全 地方創生 アイヌ施策）、新しい地方経済・生活環境創生担当、国際博覧会担当,第1次石破内閣,2024-10-01,2024-11-11,kantei_rekidai_naikaku,https://www.kantei.go.jp/jp/rekidainaikaku/102.html,2026-05-10
969c0670-ab65-41d0-9862-dbc27d7c074a,伊藤 忠彦,伊藤忠彦,minister,復興大臣、福島原発事故再生総括担当,第1次石破内閣,2024-10-01,2024-11-11,kantei_rekidai_naikaku,https://www.kantei.go.jp/jp/rekidainaikaku/102.html,2026-05-10
05b5b4dc-d93a-420e-b6d3-b16d1a04b3db,加藤 勝信,加藤勝信,minister,財務大臣、内閣府特命担当大臣（金融）、デフレ脱却担当,第1次石破内閣,2024-10-01,2024-11-11,kantei_rekidai_naikaku,https://www.kantei.go.jp/jp/rekidainaikaku/102.html,2026-05-10
eff1e04d-2c00-4814-8194-1667d82115f9,坂井 学,坂井学,minister,国家公安委員会委員長、国土強靱化担当、領土問題担当、内閣府特命担当大臣（防災 海洋政策）,第1次石破内閣,2024-10-01,2024-11-11,kantei_rekidai_naikaku,https://www.kantei.go.jp/jp/rekidainaikaku/102.html,2026-05-10
fa3d4711-be34-436a-97a1-2a646d9dbfbd,城内 実,城内実,minister,経済安全保障担当、内閣府特命担当大臣（クールジャパン戦略 知的財産戦略 科学技術政策 宇宙政策 経済安全保障）,第1次石破内閣,2024-10-01,2024-11-11,kantei_rekidai_naikaku,https://www.kantei.go.jp/jp/rekidainaikaku/102.html,2026-05-10
2a604c85-c870-4c78-8c81-140789a99085,小里 泰弘,小里泰弘,minister,農林水産大臣,第1次石破内閣,2024-10-01,2024-11-11,kantei_rekidai_naikaku,https://www.kantei.go.jp/jp/rekidainaikaku/102.html,2026-05-10
fef5a36e-68d2-4915-9c96-645efbf33218,岩屋 毅,岩屋毅,minister,外務大臣,第1次石破内閣,2024-10-01,2024-11-11,kantei_rekidai_naikaku,https://www.kantei.go.jp/jp/rekidainaikaku/102.html,2026-05-10
e41cf999-bd68-4e06-b927-fe9fca515e8f,平 将明,平将明,minister,デジタル大臣、行政改革担当、国家公務員制度担当、サイバー安全保障担当、内閣府特命担当大臣（規制改革）,第1次石破内閣,2024-10-01,2024-11-11,kantei_rekidai_naikaku,https://www.kantei.go.jp/jp/rekidainaikaku/102.html,2026-05-10
a46c36c4-11f6-458c-ab5a-3be0d8c64165,斉藤 鉄夫,斉藤鉄夫,minister,国土交通大臣、水循環政策担当、国際園芸博覧会担当,第1次石破内閣,2024-10-01,2024-11-11,kantei_rekidai_naikaku,https://www.kantei.go.jp/jp/rekidainaikaku/102.html,2026-05-10
0bebaec1-a2ec-44de-b3a9-75d468e7fdc5,村上 誠一郎,村上誠一郎,minister,総務大臣,第1次石破内閣,2024-10-01,2024-11-11,kantei_rekidai_naikaku,https://www.kantei.go.jp/jp/rekidainaikaku/102.html,2026-05-10
e5547a7a-a622-434f-9cbd-48106a2ab39f,林 芳正,林芳正,minister,内閣官房長官、沖縄基地負担軽減担当、拉致問題担当,第1次石破内閣,2024-10-01,2024-11-11,kantei_rekidai_naikaku,https://www.kantei.go.jp/jp/rekidainaikaku/102.html,2026-05-10
c983a4e6-66c5-4f3f-892f-5ecf98461be4,武藤 容治,武藤容治,minister,経済産業大臣、原子力経済被害担当、ＧＸ実行推進担当、産業競争力担当、内閣府特命担当大臣（原子力損害賠償・廃炉等支援機構）,第1次石破内閣,2024-10-01,2024-11-11,kantei_rekidai_naikaku,https://www.kantei.go.jp/jp/rekidainaikaku/102.html,2026-05-10
04e9d26e-df1e-4e43-864d-2892aae06b2a,浅尾 慶一郎,浅尾慶一郎,minister,環境大臣、内閣府特命担当大臣（原子力防災）,第1次石破内閣,2024-10-01,2024-11-11,kantei_rekidai_naikaku,https://www.kantei.go.jp/jp/rekidainaikaku/102.html,2026-05-10
,牧原 秀樹,牧原秀樹,minister,法務大臣,第1次石破内閣,2024-10-01,2024-11-11,kantei_rekidai_naikaku,https://www.kantei.go.jp/jp/rekidainaikaku/102.html,2026-05-10
ef845838-0b0d-4869-8334-b866acedd36b,福岡 資麿,福岡資麿,minister,厚生労働大臣,第1次石破内閣,2024-10-01,2024-11-11,kantei_rekidai_naikaku,https://www.kantei.go.jp/jp/rekidainaikaku/102.html,2026-05-10
f82b432d-c0ad-4891-a413-c87d495702f3,赤澤 亮正,赤澤亮正,minister,経済再生担当、新しい資本主義担当、賃金向上担当、スタートアップ担当、全世代型社会保障改革担当、感染症危機管理担当、防災庁設置準備担当、内閣府特命担当大臣（経済財政政策）,第1次石破内閣,2024-10-01,2024-11-11,kantei_rekidai_naikaku,https://www.kantei.go.jp/jp/rekidainaikaku/102.html,2026-05-10
37d0bff1-2ad8-4867-ad37-910ad56c170c,こやり 隆史,こやり隆史,parliamentary_vice_minister,国土交通大臣政務官,第1次石破内閣,2024-10-01,2024-11-11,kantei_rekidai_naikaku,https://www.kantei.go.jp/jp/rekidainaikaku/102.html,2026-05-10
,三宅 伸吾,三宅伸吾,parliamentary_vice_minister,防衛大臣政務官、兼内閣府大臣政務官,第1次石破内閣,2024-10-01,2024-11-11,kantei_rekidai_naikaku,https://www.kantei.go.jp/jp/rekidainaikaku/102.html,2026-05-10
,三浦 靖,三浦靖,parliamentary_vice_minister,厚生労働大臣政務官,第1次石破内閣,2024-10-01,2024-11-11,kantei_rekidai_naikaku,https://www.kantei.go.jp/jp/rekidainaikaku/102.html,2026-05-10
324f8005-746e-48b9-9d93-d8f65277fcc2,中野 英幸,中野英幸,parliamentary_vice_minister,法務大臣政務官,第1次石破内閣,2024-10-01,2024-11-11,kantei_rekidai_naikaku,https://www.kantei.go.jp/jp/rekidainaikaku/102.html,2026-05-10
c2cc9535-5c60-4a43-a68d-3e632081097a,古賀 友一郎,古賀友一郎,parliamentary_vice_minister,内閣府大臣政務官,第1次石破内閣,2024-10-01,2024-11-11,kantei_rekidai_naikaku,https://www.kantei.go.jp/jp/rekidainaikaku/102.html,2026-05-10
266bcdee-21c1-4636-aafa-c72eff35a130,国定 勇人,国定勇人,parliamentary_vice_minister,環境大臣政務官、兼内閣府大臣政務官,第1次石破内閣,2024-10-01,2024-11-11,kantei_rekidai_naikaku,https://www.kantei.go.jp/jp/rekidainaikaku/102.html,2026-05-10
502ac190-3736-43de-91d1-c6f895666686,土田 慎,土田慎,parliamentary_vice_minister,デジタル大臣政務官、兼内閣府大臣政務官,第1次石破内閣,2024-10-01,2024-11-11,kantei_rekidai_naikaku,https://www.kantei.go.jp/jp/rekidainaikaku/102.html,2026-05-10
4d52ae7a-4125-4379-95af-88afa2c2fb5b,塩崎 彰久,塩崎彰久,parliamentary_vice_minister,厚生労働大臣政務官,第1次石破内閣,2024-10-01,2024-11-11,kantei_rekidai_naikaku,https://www.kantei.go.jp/jp/rekidainaikaku/102.html,2026-05-10
ea380c95-5eab-434d-b6c9-c4a2402d00d1,平沼 正二郎,平沼正二郎,parliamentary_vice_minister,内閣府大臣政務官、兼復興大臣政務官,第1次石破内閣,2024-10-01,2024-11-11,kantei_rekidai_naikaku,https://www.kantei.go.jp/jp/rekidainaikaku/102.html,2026-05-10
ae6d9453-5643-4193-bfae-49b78b56cb81,庄子 賢一,庄子賢一,parliamentary_vice_minister,農林水産大臣政務官,第1次石破内閣,2024-10-01,2024-11-11,kantei_rekidai_naikaku,https://www.kantei.go.jp/jp/rekidainaikaku/102.html,2026-05-10
485c893f-c6dc-4352-b96e-208533022f96,朝日 健太郎,朝日健太郎,parliamentary_vice_minister,国土交通大臣政務官、兼内閣府大臣政務官、兼復興大臣政務官、尾﨑 正直（おざき まさなお）、環境大臣政務官,第1次石破内閣,2024-10-01,2024-11-11,kantei_rekidai_naikaku,https://www.kantei.go.jp/jp/rekidainaikaku/102.html,2026-05-10
8fe6b52d-9926-4ad3-be48-dd74e7603805,本田 顕子,本田顕子,parliamentary_vice_minister,文部科学大臣政務官、兼復興大臣政務官,第1次石破内閣,2024-10-01,2024-11-11,kantei_rekidai_naikaku,https://www.kantei.go.jp/jp/rekidainaikaku/102.html,2026-05-10
2a23953c-6d75-434f-b72d-486cfdc1f93d,松本 尚,松本尚,parliamentary_vice_minister,防衛大臣政務官,第1次石破内閣,2024-10-01,2024-11-11,kantei_rekidai_naikaku,https://www.kantei.go.jp/jp/rekidainaikaku/102.html,2026-05-10
38e532c0-27cd-4f8c-8b9c-af48caeede8d,深澤 陽一,深澤陽一,parliamentary_vice_minister,外務大臣政務官,第1次石破内閣,2024-10-01,2024-11-11,kantei_rekidai_naikaku,https://www.kantei.go.jp/jp/rekidainaikaku/102.html,2026-05-10
9a567938-dcfc-43e4-906e-cd5dbb4b95d2,瀬戸 隆一,瀬戸隆一,parliamentary_vice_minister,財務大臣政務官,第1次石破内閣,2024-10-01,2024-11-11,kantei_rekidai_naikaku,https://www.kantei.go.jp/jp/rekidainaikaku/102.html,2026-05-10
1473b731-20d5-4c5d-adff-356c70b8bd07,石井 拓,石井拓,parliamentary_vice_minister,経済産業大臣政務官、兼内閣府大臣政務官,第1次石破内閣,2024-10-01,2024-11-11,kantei_rekidai_naikaku,https://www.kantei.go.jp/jp/rekidainaikaku/102.html,2026-05-10
d8dbd728-fc0f-4580-85b6-98994a9ef9f2,石橋 林太郎,石橋林太郎,parliamentary_vice_minister,国土交通大臣政務官,第1次石破内閣,2024-10-01,2024-11-11,kantei_rekidai_naikaku,https://www.kantei.go.jp/jp/rekidainaikaku/102.html,2026-05-10
10c42c93-475e-4921-90d6-f3adee0afb42,神田 潤一,神田潤一,parliamentary_vice_minister,内閣府大臣政務官,第1次石破内閣,2024-10-01,2024-11-11,kantei_rekidai_naikaku,https://www.kantei.go.jp/jp/rekidainaikaku/102.html,2026-05-10
7238c9c4-c367-48c2-9ed0-07727057eb69,穂坂 泰,穂坂泰,parliamentary_vice_minister,外務大臣政務官,第1次石破内閣,2024-10-01,2024-11-11,kantei_rekidai_naikaku,https://www.kantei.go.jp/jp/rekidainaikaku/102.html,2026-05-10
de35b1ae-db6e-4afb-a9f0-531b4e0a6b90,竹内 真二,竹内真二,parliamentary_vice_minister,経済産業大臣政務官、兼内閣府大臣政務官、兼復興大臣政務官,第1次石破内閣,2024-10-01,2024-11-11,kantei_rekidai_naikaku,https://www.kantei.go.jp/jp/rekidainaikaku/102.html,2026-05-10
f083d13f-38fc-4238-b7af-b8a2dd30ada6,舞立 昇治,舞立昇治,parliamentary_vice_minister,農林水産大臣政務官,第1次石破内閣,2024-10-01,2024-11-11,kantei_rekidai_naikaku,https://www.kantei.go.jp/jp/rekidainaikaku/102.html,2026-05-10
828e3e50-539a-4877-ad99-02044a39073d,船橋 利実,船橋利実,parliamentary_vice_minister,総務大臣政務官,第1次石破内閣,2024-10-01,2024-11-11,kantei_rekidai_naikaku,https://www.kantei.go.jp/jp/rekidainaikaku/102.html,2026-05-10
47352e29-f73f-4c51-8753-47573eb6138d,西田 昭二,西田昭二,parliamentary_vice_minister,総務大臣政務官,第1次石破内閣,2024-10-01,2024-11-11,kantei_rekidai_naikaku,https://www.kantei.go.jp/jp/rekidainaikaku/102.html,2026-05-10
df203168-ad93-49c8-b64a-6965663b97f9,進藤 金日子,進藤金日子,parliamentary_vice_minister,財務大臣政務官,第1次石破内閣,2024-10-01,2024-11-11,kantei_rekidai_naikaku,https://www.kantei.go.jp/jp/rekidainaikaku/102.html,2026-05-10
1a5e2f24-2b06-400a-94f8-27713d7c789f,金城 泰邦,金城泰邦,parliamentary_vice_minister,文部科学大臣政務官,第1次石破内閣,2024-10-01,2024-11-11,kantei_rekidai_naikaku,https://www.kantei.go.jp/jp/rekidainaikaku/102.html,2026-05-10
6500d707-a9d7-45a3-850f-73e2aa29f629,長谷川 淳二,長谷川淳二,parliamentary_vice_minister,総務大臣政務官,第1次石破内閣,2024-10-01,2024-11-11,kantei_rekidai_naikaku,https://www.kantei.go.jp/jp/rekidainaikaku/102.html,2026-05-10
bfc95a54-0d22-4f06-bd3d-4bb91cdfc68a,高村 正大,高村正大,parliamentary_vice_minister,外務大臣政務官,第1次石破内閣,2024-10-01,2024-11-11,kantei_rekidai_naikaku,https://www.kantei.go.jp/jp/rekidainaikaku/102.html,2026-05-10
d9a3bfa0-0a70-4a52-a66b-e3565a229989,石破 茂,石破茂,prime_minister,内閣総理大臣,第1次石破内閣,2024-10-01,2024-11-11,kantei_rekidai_naikaku,https://www.kantei.go.jp/jp/rekidainaikaku/102.html,2026-05-10
9297a086-0cfe-4cb4-a439-7aa7a17164a3,上月 良祐,上月良祐,senior_vice_minister,経済産業副大臣、兼内閣府副大臣,第1次石破内閣,2024-10-01,2024-11-11,kantei_rekidai_naikaku,https://www.kantei.go.jp/jp/rekidainaikaku/102.html,2026-05-10
8fa904f8-86d2-4cd1-844e-f8ae87eb3159,井林 辰憲,井林辰憲,senior_vice_minister,内閣府副大臣,第1次石破内閣,2024-10-01,2024-11-11,kantei_rekidai_naikaku,https://www.kantei.go.jp/jp/rekidainaikaku/102.html,2026-05-10
4800f309-cdfd-456a-8d8b-34879adb985b,今枝 宗一郎,今枝宗一郎,senior_vice_minister,文部科学副大臣,第1次石破内閣,2024-10-01,2024-11-11,kantei_rekidai_naikaku,https://www.kantei.go.jp/jp/rekidainaikaku/102.html,2026-05-10
,八木 哲也,八木哲也,senior_vice_minister,環境副大臣,第1次石破内閣,2024-10-01,2024-11-11,kantei_rekidai_naikaku,https://www.kantei.go.jp/jp/rekidainaikaku/102.html,2026-05-10
8c7e4a11-93ad-405a-ae63-16bbb378ab2e,古賀 篤,古賀篤,senior_vice_minister,内閣府副大臣,第1次石破内閣,2024-10-01,2024-11-11,kantei_rekidai_naikaku,https://www.kantei.go.jp/jp/rekidainaikaku/102.html,2026-05-10
c295c9f1-3fca-45d4-87c9-5523cc754079,國場 幸之助,國場幸之助,senior_vice_minister,国土交通副大臣,第1次石破内閣,2024-10-01,2024-11-11,kantei_rekidai_naikaku,https://www.kantei.go.jp/jp/rekidainaikaku/102.html,2026-05-10
,堂故 茂,堂故茂,senior_vice_minister,国土交通副大臣、兼内閣府副大臣、兼復興副大臣,第1次石破内閣,2024-10-01,2024-11-11,kantei_rekidai_naikaku,https://www.kantei.go.jp/jp/rekidainaikaku/102.html,2026-05-10
f401d9b8-a626-481f-94b2-174d65ba1b6b,岩田 和親,岩田和親,senior_vice_minister,経済産業副大臣、兼内閣府副大臣,第1次石破内閣,2024-10-01,2024-11-11,kantei_rekidai_naikaku,https://www.kantei.go.jp/jp/rekidainaikaku/102.html,2026-05-10
aaffafd5-d21f-4573-a1bb-9e8232b4e05a,工藤 彰三,工藤彰三,senior_vice_minister,内閣府副大臣,第1次石破内閣,2024-10-01,2024-11-11,kantei_rekidai_naikaku,https://www.kantei.go.jp/jp/rekidainaikaku/102.html,2026-05-10
61fa18d0-1738-4720-939c-0dcd5d185e35,斎藤 洋明,斎藤洋明,senior_vice_minister,財務副大臣,第1次石破内閣,2024-10-01,2024-11-11,kantei_rekidai_naikaku,https://www.kantei.go.jp/jp/rekidainaikaku/102.html,2026-05-10
,柘植 芳文,柘植芳文,senior_vice_minister,外務副大臣、つじ きよと（つじ きよと）、外務副大臣,第1次石破内閣,2024-10-01,2024-11-11,kantei_rekidai_naikaku,https://www.kantei.go.jp/jp/rekidainaikaku/102.html,2026-05-10
2a3133e8-0f74-4701-b9ab-565b4a6b77bf,横山 信一,横山信一,senior_vice_minister,財務副大臣,第1次石破内閣,2024-10-01,2024-11-11,kantei_rekidai_naikaku,https://www.kantei.go.jp/jp/rekidainaikaku/102.html,2026-05-10
a1ff8308-d487-4766-8d57-f87032e5228b,武村 展英,武村展英,senior_vice_minister,農林水産副大臣,第1次石破内閣,2024-10-01,2024-11-11,kantei_rekidai_naikaku,https://www.kantei.go.jp/jp/rekidainaikaku/102.html,2026-05-10
641cf6b2-3388-40d5-a659-c33873c2657b,武部 新,武部新,senior_vice_minister,文部科学副大臣,第1次石破内閣,2024-10-01,2024-11-11,kantei_rekidai_naikaku,https://www.kantei.go.jp/jp/rekidainaikaku/102.html,2026-05-10
f8bbd621-456a-44b6-9e7f-60a354d6552f,渡辺 孝一,渡辺孝一,senior_vice_minister,総務副大臣,第1次石破内閣,2024-10-01,2024-11-11,kantei_rekidai_naikaku,https://www.kantei.go.jp/jp/rekidainaikaku/102.html,2026-05-10
,滝沢 求,滝沢求,senior_vice_minister,環境副大臣、兼内閣府副大臣,第1次石破内閣,2024-10-01,2024-11-11,kantei_rekidai_naikaku,https://www.kantei.go.jp/jp/rekidainaikaku/102.html,2026-05-10
b6c26384-e331-4977-9fc1-1f3599ccd291,石川 昭政,石川昭政,senior_vice_minister,デジタル副大臣、兼内閣府副大臣,第1次石破内閣,2024-10-01,2024-11-11,kantei_rekidai_naikaku,https://www.kantei.go.jp/jp/rekidainaikaku/102.html,2026-05-10
5e0c7727-e382-47ca-8a3d-6c686d554eb0,輿水 恵一,輿水恵一,senior_vice_minister,復興副大臣,第1次石破内閣,2024-10-01,2024-11-11,kantei_rekidai_naikaku,https://www.kantei.go.jp/jp/rekidainaikaku/102.html,2026-05-10
9fa72430-6133-4083-9563-2555e21d592d,鈴木 憲和,鈴木憲和,senior_vice_minister,農林水産副大臣,第1次石破内閣,2024-10-01,2024-11-11,kantei_rekidai_naikaku,https://www.kantei.go.jp/jp/rekidainaikaku/102.html,2026-05-10
15f13d80-f8a7-4e57-b869-4fc8f723a20b,門山 宏哲,門山宏哲,senior_vice_minister,法務副大臣,第1次石破内閣,2024-10-01,2024-11-11,kantei_rekidai_naikaku,https://www.kantei.go.jp/jp/rekidainaikaku/102.html,2026-05-10
a6f2f7a0-455c-433c-8955-24fb5d534789,馬場 成志,馬場成志,senior_vice_minister,総務副大臣,第1次石破内閣,2024-10-01,2024-11-11,kantei_rekidai_naikaku,https://www.kantei.go.jp/jp/rekidainaikaku/102.html,2026-05-10
c7140426-5eb9-469d-9b3e-b194a7a6e2c0,高木 宏壽,高木宏壽,senior_vice_minister,復興副大臣,第1次石破内閣,2024-10-01,2024-11-11,kantei_rekidai_naikaku,https://www.kantei.go.jp/jp/rekidainaikaku/102.html,2026-05-10
af6065df-9783-4364-aeb2-725a75874417,鬼木 誠,鬼木誠,senior_vice_minister,防衛副大臣、兼内閣府副大臣,第1次石破内閣,2024-10-01,2024-11-11,kantei_rekidai_naikaku,https://www.kantei.go.jp/jp/rekidainaikaku/102.html,2026-05-10
,鰐淵 洋子,鰐淵洋子,senior_vice_minister,厚生労働副大臣、宮﨑 政久（みやざき まさひさ）、厚生労働副大臣,第1次石破内閣,2024-10-01,2024-11-11,kantei_rekidai_naikaku,https://www.kantei.go.jp/jp/rekidainaikaku/102.html,2026-05-10
f09defbc-6a37-4f49-bbcb-694dfd8bcd8b,あべ 俊子,あべ俊子,minister,文部科学大臣,第2次石破内閣,2024-11-11,2025-10-21,kantei_rekidai_naikaku,https://www.kantei.go.jp/jp/rekidainaikaku/103.html,2026-05-10
446d07b2-2289-4827-982c-34bb42e510f0,三原 じゅん子,三原じゅん子,minister,内閣府特命担当大臣（こども政策 少子化対策 若者活躍 男女共同参画 共生・共助）、女性活躍担当、共生社会担当,第2次石破内閣,2024-11-11,2025-10-21,kantei_rekidai_naikaku,https://www.kantei.go.jp/jp/rekidainaikaku/103.html,2026-05-10
d9dc2b2e-a2fb-4e32-a467-7540673e25f6,中谷 元,中谷元,minister,防衛大臣,第2次石破内閣,2024-11-11,2025-10-21,kantei_rekidai_naikaku,https://www.kantei.go.jp/jp/rekidainaikaku/103.html,2026-05-10
29121da3-4d59-47f7-ac09-a62b14daf11a,中野 洋昌,中野洋昌,minister,国土交通大臣、水循環政策担当、国際園芸博覧会担当,第2次石破内閣,2024-11-11,2025-10-21,kantei_rekidai_naikaku,https://www.kantei.go.jp/jp/rekidainaikaku/103.html,2026-05-10
ad7dde60-0a6e-4c81-a973-55b927e46d8f,伊東 良孝,伊東良孝,minister,内閣府特命担当大臣（沖縄及び北方対策 消費者及び食品安全 地方創生 アイヌ施策）、新しい地方経済・生活環境創生担当、国際博覧会担当,第2次石破内閣,2024-11-11,2025-10-21,kantei_rekidai_naikaku,https://www.kantei.go.jp/jp/rekidainaikaku/103.html,2026-05-10
969c0670-ab65-41d0-9862-dbc27d7c074a,伊藤 忠彦,伊藤忠彦,minister,復興大臣、福島原発事故再生総括担当,第2次石破内閣,2024-11-11,2025-10-21,kantei_rekidai_naikaku,https://www.kantei.go.jp/jp/rekidainaikaku/103.html,2026-05-10
05b5b4dc-d93a-420e-b6d3-b16d1a04b3db,加藤 勝信,加藤勝信,minister,財務大臣、内閣府特命担当大臣（金融）、デフレ脱却担当,第2次石破内閣,2024-11-11,2025-10-21,kantei_rekidai_naikaku,https://www.kantei.go.jp/jp/rekidainaikaku/103.html,2026-05-10
eff1e04d-2c00-4814-8194-1667d82115f9,坂井 学,坂井学,minister,国家公安委員会委員長、国土強靱化担当、領土問題担当、内閣府特命担当大臣（防災 海洋政策）,第2次石破内閣,2024-11-11,2025-10-21,kantei_rekidai_naikaku,https://www.kantei.go.jp/jp/rekidainaikaku/103.html,2026-05-10
fa3d4711-be34-436a-97a1-2a646d9dbfbd,城内 実,城内実,minister,経済安全保障担当、内閣府特命担当大臣（クールジャパン戦略 知的財産戦略 科学技術政策 宇宙政策 人工知能戦略 経済安全保障）,第2次石破内閣,2024-11-11,2025-10-21,kantei_rekidai_naikaku,https://www.kantei.go.jp/jp/rekidainaikaku/103.html,2026-05-10
a58fea7d-25e9-432c-b504-b0de35ac2b46,小泉 進次郎,小泉進次郎,minister,農林水産大臣,第2次石破内閣,2024-11-11,2025-10-21,kantei_rekidai_naikaku,https://www.kantei.go.jp/jp/rekidainaikaku/103.html,2026-05-10
fef5a36e-68d2-4915-9c96-645efbf33218,岩屋 毅,岩屋毅,minister,外務大臣,第2次石破内閣,2024-11-11,2025-10-21,kantei_rekidai_naikaku,https://www.kantei.go.jp/jp/rekidainaikaku/103.html,2026-05-10
e41cf999-bd68-4e06-b927-fe9fca515e8f,平 将明,平将明,minister,デジタル大臣、デジタル行財政改革担当、行政改革担当、国家公務員制度担当、サイバー安全保障担当、内閣府特命担当大臣（規制改革）,第2次石破内閣,2024-11-11,2025-10-21,kantei_rekidai_naikaku,https://www.kantei.go.jp/jp/rekidainaikaku/103.html,2026-05-10
0bebaec1-a2ec-44de-b3a9-75d468e7fdc5,村上 誠一郎,村上誠一郎,minister,総務大臣,第2次石破内閣,2024-11-11,2025-10-21,kantei_rekidai_naikaku,https://www.kantei.go.jp/jp/rekidainaikaku/103.html,2026-05-10
e5547a7a-a622-434f-9cbd-48106a2ab39f,林 芳正,林芳正,minister,内閣官房長官、沖縄基地負担軽減担当、拉致問題担当,第2次石破内閣,2024-11-11,2025-10-21,kantei_rekidai_naikaku,https://www.kantei.go.jp/jp/rekidainaikaku/103.html,2026-05-10
c983a4e6-66c5-4f3f-892f-5ecf98461be4,武藤 容治,武藤容治,minister,経済産業大臣、原子力経済被害担当、ＧＸ実行推進担当、産業競争力担当、内閣府特命担当大臣（原子力損害賠償・廃炉等支援機構）,第2次石破内閣,2024-11-11,2025-10-21,kantei_rekidai_naikaku,https://www.kantei.go.jp/jp/rekidainaikaku/103.html,2026-05-10
049c40d4-9ec9-4d8f-9880-59e38b647e42,江藤 拓,江藤拓,minister,農林水産大臣,第2次石破内閣,2024-11-11,2025-10-21,kantei_rekidai_naikaku,https://www.kantei.go.jp/jp/rekidainaikaku/103.html,2026-05-10
04e9d26e-df1e-4e43-864d-2892aae06b2a,浅尾 慶一郎,浅尾慶一郎,minister,環境大臣、内閣府特命担当大臣（原子力防災）,第2次石破内閣,2024-11-11,2025-10-21,kantei_rekidai_naikaku,https://www.kantei.go.jp/jp/rekidainaikaku/103.html,2026-05-10
ef845838-0b0d-4869-8334-b866acedd36b,福岡 資麿,福岡資麿,minister,厚生労働大臣,第2次石破内閣,2024-11-11,2025-10-21,kantei_rekidai_naikaku,https://www.kantei.go.jp/jp/rekidainaikaku/103.html,2026-05-10
f82b432d-c0ad-4891-a413-c87d495702f3,赤澤 亮正,赤澤亮正,minister,経済再生担当、新しい資本主義担当、賃金向上担当、スタートアップ担当、全世代型社会保障改革担当、感染症危機管理担当、防災庁設置準備担当、内閣府特命担当大臣（経済財政政策）,第2次石破内閣,2024-11-11,2025-10-21,kantei_rekidai_naikaku,https://www.kantei.go.jp/jp/rekidainaikaku/103.html,2026-05-10
2ada0330-8373-484b-837e-6fa6e9152071,鈴木 馨祐,鈴木馨祐,minister,法務大臣,第2次石破内閣,2024-11-11,2025-10-21,kantei_rekidai_naikaku,https://www.kantei.go.jp/jp/rekidainaikaku/103.html,2026-05-10
f5b089c1-dbcf-4b01-b0bb-32cc4e485f29,五十嵐 清,五十嵐清,parliamentary_vice_minister,環境大臣政務官,第2次石破内閣,2024-11-11,2025-10-21,kantei_rekidai_naikaku,https://www.kantei.go.jp/jp/rekidainaikaku/103.html,2026-05-10
decd09fe-253d-4b3e-8bbe-b5accb4002cc,今井 絵理子,今井絵理子,parliamentary_vice_minister,内閣府大臣政務官、兼復興大臣政務官,第2次石破内閣,2024-11-11,2025-10-21,kantei_rekidai_naikaku,https://www.kantei.go.jp/jp/rekidainaikaku/103.html,2026-05-10
b5e5866e-71e2-4155-8e4d-2e0b137a68df,加藤 明良,加藤明良,parliamentary_vice_minister,経済産業大臣政務官、兼内閣府大臣政務官,第2次石破内閣,2024-11-11,2025-10-21,kantei_rekidai_naikaku,https://www.kantei.go.jp/jp/rekidainaikaku/103.html,2026-05-10
f534a8a0-e153-46a5-8664-95963ccefb4e,勝目 康,勝目康,parliamentary_vice_minister,環境大臣政務官、兼内閣府大臣政務官,第2次石破内閣,2024-11-11,2025-10-21,kantei_rekidai_naikaku,https://www.kantei.go.jp/jp/rekidainaikaku/103.html,2026-05-10
520f06be-7b4c-4be6-ab5e-c5c7de1d3a0d,友納 理緒,友納理緒,parliamentary_vice_minister,内閣府大臣政務官,第2次石破内閣,2024-11-11,2025-10-21,kantei_rekidai_naikaku,https://www.kantei.go.jp/jp/rekidainaikaku/103.html,2026-05-10
b878f2f7-6280-486f-9cb5-eaefef67ce89,古川 直季,古川直季,parliamentary_vice_minister,総務大臣政務官,第2次石破内閣,2024-11-11,2025-10-21,kantei_rekidai_naikaku,https://www.kantei.go.jp/jp/rekidainaikaku/103.html,2026-05-10
62a25b1f-4f61-405f-8029-7964ce969615,吉田 真次,吉田真次,parliamentary_vice_minister,厚生労働大臣政務官,第2次石破内閣,2024-11-11,2025-10-21,kantei_rekidai_naikaku,https://www.kantei.go.jp/jp/rekidainaikaku/103.html,2026-05-10
266bcdee-21c1-4636-aafa-c72eff35a130,国定 勇人,国定勇人,parliamentary_vice_minister,国土交通大臣政務官、𠮷井 章（よしい あきら）、国土交通大臣政務官、兼内閣府大臣政務官、兼復興大臣政務官,第2次石破内閣,2024-11-11,2025-10-21,kantei_rekidai_naikaku,https://www.kantei.go.jp/jp/rekidainaikaku/103.html,2026-05-10
502ac190-3736-43de-91d1-c6f895666686,土田 慎,土田慎,parliamentary_vice_minister,財務大臣政務官,第2次石破内閣,2024-11-11,2025-10-21,kantei_rekidai_naikaku,https://www.kantei.go.jp/jp/rekidainaikaku/103.html,2026-05-10
6ad917a1-90c4-4d79-8add-53c5547c3bdc,安藤 たかお,安藤たかお,parliamentary_vice_minister,厚生労働大臣政務官,第2次石破内閣,2024-11-11,2025-10-21,kantei_rekidai_naikaku,https://www.kantei.go.jp/jp/rekidainaikaku/103.html,2026-05-10
40088caa-58aa-4517-ba1e-0c6dd300fe89,小林 一大,小林一大,parliamentary_vice_minister,防衛大臣政務官、兼内閣府大臣政務官,第2次石破内閣,2024-11-11,2025-10-21,kantei_rekidai_naikaku,https://www.kantei.go.jp/jp/rekidainaikaku/103.html,2026-05-10
f6315817-75e3-4006-adcd-e10b634aa665,山本 佐知子,山本佐知子,parliamentary_vice_minister,農林水産大臣政務官,第2次石破内閣,2024-11-11,2025-10-21,kantei_rekidai_naikaku,https://www.kantei.go.jp/jp/rekidainaikaku/103.html,2026-05-10
687f23e5-cb73-4fb5-8e80-7218788ce9eb,岸 信千世,岸信千世,parliamentary_vice_minister,デジタル大臣政務官、兼内閣府大臣政務官,第2次石破内閣,2024-11-11,2025-10-21,kantei_rekidai_naikaku,https://www.kantei.go.jp/jp/rekidainaikaku/103.html,2026-05-10
3fcb752b-b0f3-463c-a1a4-8ccfb3a04440,川崎 ひでと,川崎ひでと,parliamentary_vice_minister,総務大臣政務官,第2次石破内閣,2024-11-11,2025-10-21,kantei_rekidai_naikaku,https://www.kantei.go.jp/jp/rekidainaikaku/103.html,2026-05-10
ae6d9453-5643-4193-bfae-49b78b56cb81,庄子 賢一,庄子賢一,parliamentary_vice_minister,農林水産大臣政務官,第2次石破内閣,2024-11-11,2025-10-21,kantei_rekidai_naikaku,https://www.kantei.go.jp/jp/rekidainaikaku/103.html,2026-05-10
69a39538-b576-4ba4-9f82-6358acf5d3ed,東 国幹,東国幹,parliamentary_vice_minister,財務大臣政務官,第2次石破内閣,2024-11-11,2025-10-21,kantei_rekidai_naikaku,https://www.kantei.go.jp/jp/rekidainaikaku/103.html,2026-05-10
2a23953c-6d75-434f-b72d-486cfdc1f93d,松本 尚,松本尚,parliamentary_vice_minister,外務大臣政務官,第2次石破内閣,2024-11-11,2025-10-21,kantei_rekidai_naikaku,https://www.kantei.go.jp/jp/rekidainaikaku/103.html,2026-05-10
0af85800-bfc9-4157-b4a3-7218daf97fdc,生稲 晃子,生稲晃子,parliamentary_vice_minister,外務大臣政務官,第2次石破内閣,2024-11-11,2025-10-21,kantei_rekidai_naikaku,https://www.kantei.go.jp/jp/rekidainaikaku/103.html,2026-05-10
10c42c93-475e-4921-90d6-f3adee0afb42,神田 潤一,神田潤一,parliamentary_vice_minister,法務大臣政務官,第2次石破内閣,2024-11-11,2025-10-21,kantei_rekidai_naikaku,https://www.kantei.go.jp/jp/rekidainaikaku/103.html,2026-05-10
de35b1ae-db6e-4afb-a9f0-531b4e0a6b90,竹内 真二,竹内真二,parliamentary_vice_minister,経済産業大臣政務官、兼内閣府大臣政務官、兼復興大臣政務官,第2次石破内閣,2024-11-11,2025-10-21,kantei_rekidai_naikaku,https://www.kantei.go.jp/jp/rekidainaikaku/103.html,2026-05-10
8e3472de-92a1-4de9-8af1-2daeddf8499b,英利アルフィヤ,英利アルフィヤ,parliamentary_vice_minister,外務大臣政務官,第2次石破内閣,2024-11-11,2025-10-21,kantei_rekidai_naikaku,https://www.kantei.go.jp/jp/rekidainaikaku/103.html,2026-05-10
3adcba3c-c37b-40c7-9d0f-19d2f8c84097,西野 太亮,西野太亮,parliamentary_vice_minister,内閣府大臣政務官,第2次石破内閣,2024-11-11,2025-10-21,kantei_rekidai_naikaku,https://www.kantei.go.jp/jp/rekidainaikaku/103.html,2026-05-10
2b3fc98c-0c82-4f95-a150-b9a67945c629,赤松 健,赤松健,parliamentary_vice_minister,文部科学大臣政務官、兼復興大臣政務官,第2次石破内閣,2024-11-11,2025-10-21,kantei_rekidai_naikaku,https://www.kantei.go.jp/jp/rekidainaikaku/103.html,2026-05-10
1a5e2f24-2b06-400a-94f8-27713d7c789f,金城 泰邦,金城泰邦,parliamentary_vice_minister,文部科学大臣政務官,第2次石破内閣,2024-11-11,2025-10-21,kantei_rekidai_naikaku,https://www.kantei.go.jp/jp/rekidainaikaku/103.html,2026-05-10
869fe03a-c915-49f5-84df-f0a22b004e06,金子 容三,金子容三,parliamentary_vice_minister,防衛大臣政務官,第2次石破内閣,2024-11-11,2025-10-21,kantei_rekidai_naikaku,https://www.kantei.go.jp/jp/rekidainaikaku/103.html,2026-05-10
f2e586c8-9523-40d0-8ef7-ae1f6b21f6da,長谷川 英晴,長谷川英晴,parliamentary_vice_minister,総務大臣政務官,第2次石破内閣,2024-11-11,2025-10-21,kantei_rekidai_naikaku,https://www.kantei.go.jp/jp/rekidainaikaku/103.html,2026-05-10
2f6187b5-10aa-4f43-a1cf-2ce383568bbe,高見 康裕,高見康裕,parliamentary_vice_minister,国土交通大臣政務官,第2次石破内閣,2024-11-11,2025-10-21,kantei_rekidai_naikaku,https://www.kantei.go.jp/jp/rekidainaikaku/103.html,2026-05-10
d9a3bfa0-0a70-4a52-a66b-e3565a229989,石破 茂,石破茂,prime_minister,内閣総理大臣,第2次石破内閣,2024-11-11,2025-10-21,kantei_rekidai_naikaku,https://www.kantei.go.jp/jp/rekidainaikaku/103.html,2026-05-10
a55fb216-fac3-4c12-9b5f-9da493cfd0ad,中田 宏,中田宏,senior_vice_minister,環境副大臣、兼内閣府副大臣,第2次石破内閣,2024-11-11,2025-10-21,kantei_rekidai_naikaku,https://www.kantei.go.jp/jp/rekidainaikaku/103.html,2026-05-10
0bdaff73-df4f-4994-94b0-b5b625b90b7a,仁木 博文,仁木博文,senior_vice_minister,厚生労働副大臣,第2次石破内閣,2024-11-11,2025-10-21,kantei_rekidai_naikaku,https://www.kantei.go.jp/jp/rekidainaikaku/103.html,2026-05-10
b42c81b1-9284-4472-a41f-65929ed0c65d,冨樫 博之,冨樫博之,senior_vice_minister,総務副大臣,第2次石破内閣,2024-11-11,2025-10-21,kantei_rekidai_naikaku,https://www.kantei.go.jp/jp/rekidainaikaku/103.html,2026-05-10
2399fc94-5a31-4841-ae0b-d000324f83c6,古川 康,古川康,senior_vice_minister,国土交通副大臣,第2次石破内閣,2024-11-11,2025-10-21,kantei_rekidai_naikaku,https://www.kantei.go.jp/jp/rekidainaikaku/103.html,2026-05-10
c2cc9535-5c60-4a43-a68d-3e632081097a,古賀 友一郎,古賀友一郎,senior_vice_minister,経済産業副大臣、兼内閣府副大臣,第2次石破内閣,2024-11-11,2025-10-21,kantei_rekidai_naikaku,https://www.kantei.go.jp/jp/rekidainaikaku/103.html,2026-05-10
d89fb338-f4b3-4241-ac47-ebdfe43ac1ae,大串 正樹,大串正樹,senior_vice_minister,経済産業副大臣、兼内閣府副大臣,第2次石破内閣,2024-11-11,2025-10-21,kantei_rekidai_naikaku,https://www.kantei.go.jp/jp/rekidainaikaku/103.html,2026-05-10
2eb9feef-4710-49ef-b0bc-7240a23a1d2e,宮路 拓馬,宮路拓馬,senior_vice_minister,外務副大臣,第2次石破内閣,2024-11-11,2025-10-21,kantei_rekidai_naikaku,https://www.kantei.go.jp/jp/rekidainaikaku/103.html,2026-05-10
7fefbaec-6e9d-48d6-827d-15212946afb9,小林 史明,小林史明,senior_vice_minister,環境副大臣,第2次石破内閣,2024-11-11,2025-10-21,kantei_rekidai_naikaku,https://www.kantei.go.jp/jp/rekidainaikaku/103.html,2026-05-10
61fa18d0-1738-4720-939c-0dcd5d185e35,斎藤 洋明,斎藤洋明,senior_vice_minister,財務副大臣,第2次石破内閣,2024-11-11,2025-10-21,kantei_rekidai_naikaku,https://www.kantei.go.jp/jp/rekidainaikaku/103.html,2026-05-10
8b65d218-5349-4936-a964-fb1fc9a85e88,本田 太郎,本田太郎,senior_vice_minister,防衛副大臣、兼内閣府副大臣,第2次石破内閣,2024-11-11,2025-10-21,kantei_rekidai_naikaku,https://www.kantei.go.jp/jp/rekidainaikaku/103.html,2026-05-10
2a3133e8-0f74-4701-b9ab-565b4a6b77bf,横山 信一,横山信一,senior_vice_minister,財務副大臣,第2次石破内閣,2024-11-11,2025-10-21,kantei_rekidai_naikaku,https://www.kantei.go.jp/jp/rekidainaikaku/103.html,2026-05-10
641cf6b2-3388-40d5-a659-c33873c2657b,武部 新,武部新,senior_vice_minister,文部科学副大臣,第2次石破内閣,2024-11-11,2025-10-21,kantei_rekidai_naikaku,https://www.kantei.go.jp/jp/rekidainaikaku/103.html,2026-05-10
e89a2aea-a43e-4553-98be-fd457bb2d15b,滝波 宏文,滝波宏文,senior_vice_minister,農林水産副大臣,第2次石破内閣,2024-11-11,2025-10-21,kantei_rekidai_naikaku,https://www.kantei.go.jp/jp/rekidainaikaku/103.html,2026-05-10
9a567938-dcfc-43e4-906e-cd5dbb4b95d2,瀬戸 隆一,瀬戸隆一,senior_vice_minister,内閣府副大臣,第2次石破内閣,2024-11-11,2025-10-21,kantei_rekidai_naikaku,https://www.kantei.go.jp/jp/rekidainaikaku/103.html,2026-05-10
7238c9c4-c367-48c2-9ed0-07727057eb69,穂坂 泰,穂坂泰,senior_vice_minister,デジタル副大臣、兼内閣府副大臣,第2次石破内閣,2024-11-11,2025-10-21,kantei_rekidai_naikaku,https://www.kantei.go.jp/jp/rekidainaikaku/103.html,2026-05-10
1a2a6cc2-247b-4f79-b962-8693d32cbeb8,笹川 博義,笹川博義,senior_vice_minister,農林水産副大臣,第2次石破内閣,2024-11-11,2025-10-21,kantei_rekidai_naikaku,https://www.kantei.go.jp/jp/rekidainaikaku/103.html,2026-05-10
d6514f89-7938-4c76-8bae-213c4d8da3d0,藤井 比早之,藤井比早之,senior_vice_minister,外務副大臣,第2次石破内閣,2024-11-11,2025-10-21,kantei_rekidai_naikaku,https://www.kantei.go.jp/jp/rekidainaikaku/103.html,2026-05-10
5e0c7727-e382-47ca-8a3d-6c686d554eb0,輿水 恵一,輿水恵一,senior_vice_minister,復興副大臣,第2次石破内閣,2024-11-11,2025-10-21,kantei_rekidai_naikaku,https://www.kantei.go.jp/jp/rekidainaikaku/103.html,2026-05-10
ad43827d-7b6b-40c6-afde-d605da399ef8,野中 厚,野中厚,senior_vice_minister,文部科学副大臣,第2次石破内閣,2024-11-11,2025-10-21,kantei_rekidai_naikaku,https://www.kantei.go.jp/jp/rekidainaikaku/103.html,2026-05-10
9fa72430-6133-4083-9563-2555e21d592d,鈴木 憲和,鈴木憲和,senior_vice_minister,復興副大臣,第2次石破内閣,2024-11-11,2025-10-21,kantei_rekidai_naikaku,https://www.kantei.go.jp/jp/rekidainaikaku/103.html,2026-05-10
6f52d657-3fe1-4c6c-8253-43803fa7bfa2,阿達 雅志,阿達雅志,senior_vice_minister,総務副大臣,第2次石破内閣,2024-11-11,2025-10-21,kantei_rekidai_naikaku,https://www.kantei.go.jp/jp/rekidainaikaku/103.html,2026-05-10
bfc95a54-0d22-4f06-bd3d-4bb91cdfc68a,高村 正大,高村正大,senior_vice_minister,法務副大臣,第2次石破内閣,2024-11-11,2025-10-21,kantei_rekidai_naikaku,https://www.kantei.go.jp/jp/rekidainaikaku/103.html,2026-05-10
3aa919b5-4c66-4b1d-bf3f-5acc7e618bbb,高橋 克法,高橋克法,senior_vice_minister,国土交通副大臣、兼内閣府副大臣、兼復興副大臣,第2次石破内閣,2024-11-11,2025-10-21,kantei_rekidai_naikaku,https://www.kantei.go.jp/jp/rekidainaikaku/103.html,2026-05-10
,鰐淵 洋子,鰐淵洋子,senior_vice_minister,厚生労働副大臣,第2次石破内閣,2024-11-11,2025-10-21,kantei_rekidai_naikaku,https://www.kantei.go.jp/jp/rekidainaikaku/103.html,2026-05-10
8aa17e88-5c42-4488-b554-07bff469c951,鳩山 二郎,鳩山二郎,senior_vice_minister,内閣府副大臣、つじ きよと（つじ きよと）、内閣府副大臣,第2次石破内閣,2024-11-11,2025-10-21,kantei_rekidai_naikaku,https://www.kantei.go.jp/jp/rekidainaikaku/103.html,2026-05-10
87251a07-3e0c-4ea0-8948-66078814fb9d,あかま 二郎,あかま二郎,minister,国家公安委員会委員長、領土問題担当、内閣府特命担当大臣（防災 海洋政策）,第1次高市内閣,2025-10-21,2026-02-18,kantei_rekidai_naikaku,https://www.kantei.go.jp/jp/rekidainaikaku/104.html,2026-05-10
fefe0f9b-7302-46be-801d-f39a60cce815,上野 賢一郎,上野賢一郎,minister,厚生労働大臣,第1次高市内閣,2025-10-21,2026-02-18,kantei_rekidai_naikaku,https://www.kantei.go.jp/jp/rekidainaikaku/104.html,2026-05-10
fa3d4711-be34-436a-97a1-2a646d9dbfbd,城内 実,城内実,minister,日本成長戦略担当、賃上げ環境整備担当、スタートアップ担当、全世代型社会保障改革担当、感染症危機管理担当、内閣府特命担当大臣（経済財政政策 規制改革）,第1次高市内閣,2025-10-21,2026-02-18,kantei_rekidai_naikaku,https://www.kantei.go.jp/jp/rekidainaikaku/104.html,2026-05-10
a58fea7d-25e9-432c-b504-b0de35ac2b46,小泉 進次郎,小泉進次郎,minister,防衛大臣,第1次高市内閣,2025-10-21,2026-02-18,kantei_rekidai_naikaku,https://www.kantei.go.jp/jp/rekidainaikaku/104.html,2026-05-10
478ddd42-cc38-47a2-b75d-108c97fe0df6,小野田 紀美,小野田紀美,minister,経済安全保障担当、外国人との秩序ある共生社会推進担当、内閣府特命担当大臣（クールジャパン戦略 知的財産戦略 科学技術政策 宇宙政策 人工知能戦略 経済安全保障）,第1次高市内閣,2025-10-21,2026-02-18,kantei_rekidai_naikaku,https://www.kantei.go.jp/jp/rekidainaikaku/104.html,2026-05-10
34fbdb85-24de-4dd7-897f-475c92d4df17,平口 洋,平口洋,minister,法務大臣,第1次高市内閣,2025-10-21,2026-02-18,kantei_rekidai_naikaku,https://www.kantei.go.jp/jp/rekidainaikaku/104.html,2026-05-10
cbdbfa2e-ce65-4b4c-b082-8fb692e85314,木原 稔,木原稔,minister,内閣官房長官、沖縄基地負担軽減担当、拉致問題担当,第1次高市内閣,2025-10-21,2026-02-18,kantei_rekidai_naikaku,https://www.kantei.go.jp/jp/rekidainaikaku/104.html,2026-05-10
2a23953c-6d75-434f-b72d-486cfdc1f93d,松本 尚,松本尚,minister,デジタル大臣、デジタル行財政改革担当、行政改革担当、国家公務員制度担当、サイバー安全保障担当、内閣府特命担当大臣（サイバー安全保障）,第1次高市内閣,2025-10-21,2026-02-18,kantei_rekidai_naikaku,https://www.kantei.go.jp/jp/rekidainaikaku/104.html,2026-05-10
de314d7e-dfbd-4c1c-b4db-65f447552852,松本 洋平,松本洋平,minister,文部科学大臣,第1次高市内閣,2025-10-21,2026-02-18,kantei_rekidai_naikaku,https://www.kantei.go.jp/jp/rekidainaikaku/104.html,2026-05-10
e5547a7a-a622-434f-9cbd-48106a2ab39f,林 芳正,林芳正,minister,総務大臣,第1次高市内閣,2025-10-21,2026-02-18,kantei_rekidai_naikaku,https://www.kantei.go.jp/jp/rekidainaikaku/104.html,2026-05-10
3e560b90-2f8d-4396-a83b-812c3d23e756,片山 さつき,片山さつき,minister,財務大臣、内閣府特命担当大臣（金融）、租税特別措置・補助金見直し担当,第1次高市内閣,2025-10-21,2026-02-18,kantei_rekidai_naikaku,https://www.kantei.go.jp/jp/rekidainaikaku/104.html,2026-05-10
3063219f-5736-403f-9fd1-e6777b12efc0,牧野 たかお,牧野たかお,minister,復興大臣、福島原発事故再生総括担当、防災庁設置準備担当、国土強靱化担当,第1次高市内閣,2025-10-21,2026-02-18,kantei_rekidai_naikaku,https://www.kantei.go.jp/jp/rekidainaikaku/104.html,2026-05-10
3ff83f0a-6b1b-4d7b-a429-fbe4a3dd37b3,石原 宏高,石原宏高,minister,環境大臣、内閣府特命担当大臣（原子力防災）,第1次高市内閣,2025-10-21,2026-02-18,kantei_rekidai_naikaku,https://www.kantei.go.jp/jp/rekidainaikaku/104.html,2026-05-10
f50e646b-5a8f-40e5-8ee4-1fe757ac1227,茂木 敏充,茂木敏充,minister,外務大臣,第1次高市内閣,2025-10-21,2026-02-18,kantei_rekidai_naikaku,https://www.kantei.go.jp/jp/rekidainaikaku/104.html,2026-05-10
f82b432d-c0ad-4891-a413-c87d495702f3,赤澤 亮正,赤澤亮正,minister,経済産業大臣、原子力経済被害担当、ＧＸ実行推進担当、産業競争力担当、国際博覧会担当、内閣府特命担当大臣（原子力損害賠償・廃炉等支援機構）,第1次高市内閣,2025-10-21,2026-02-18,kantei_rekidai_naikaku,https://www.kantei.go.jp/jp/rekidainaikaku/104.html,2026-05-10
f18037eb-a9ed-4828-8735-2a19475c0983,金子 恭之,金子恭之,minister,国土交通大臣、水循環政策担当、国際園芸博覧会担当,第1次高市内閣,2025-10-21,2026-02-18,kantei_rekidai_naikaku,https://www.kantei.go.jp/jp/rekidainaikaku/104.html,2026-05-10
9fa72430-6133-4083-9563-2555e21d592d,鈴木 憲和,鈴木憲和,minister,農林水産大臣,第1次高市内閣,2025-10-21,2026-02-18,kantei_rekidai_naikaku,https://www.kantei.go.jp/jp/rekidainaikaku/104.html,2026-05-10
3cc1228b-5bf6-47a6-ae72-9c6a2dfbe086,黄川田 仁志,黄川田仁志,minister,内閣府特命担当大臣（沖縄及び北方対策 消費者及び食品安全 こども政策 少子化対策 若者活躍 男女共同参画 地方創生 アイヌ施策 共生・共助）、女性活躍担当、共生社会担当、地域未来戦略担当,第1次高市内閣,2025-10-21,2026-02-18,kantei_rekidai_naikaku,https://www.kantei.go.jp/jp/rekidainaikaku/104.html,2026-05-10
fc881de0-33ea-493b-bfe0-d89d5a383508,三反園 訓,三反園訓,parliamentary_vice_minister,財務大臣政務官,第1次高市内閣,2025-10-21,2026-02-18,kantei_rekidai_naikaku,https://www.kantei.go.jp/jp/rekidainaikaku/104.html,2026-05-10
d948f16a-c042-4ce0-ba6e-cfaf95cf7c40,上田 英俊,上田英俊,parliamentary_vice_minister,国土交通大臣政務官、兼内閣府大臣政務官、兼復興大臣政務官,第1次高市内閣,2025-10-21,2026-02-18,kantei_rekidai_naikaku,https://www.kantei.go.jp/jp/rekidainaikaku/104.html,2026-05-10
324f8005-746e-48b9-9d93-d8f65277fcc2,中野 英幸,中野英幸,parliamentary_vice_minister,総務大臣政務官,第1次高市内閣,2025-10-21,2026-02-18,kantei_rekidai_naikaku,https://www.kantei.go.jp/jp/rekidainaikaku/104.html,2026-05-10
b617ac82-0d8d-4127-9486-41fdc0639fa9,加藤 竜祥,加藤竜祥,parliamentary_vice_minister,国土交通大臣政務官,第1次高市内閣,2025-10-21,2026-02-18,kantei_rekidai_naikaku,https://www.kantei.go.jp/jp/rekidainaikaku/104.html,2026-05-10
520f06be-7b4c-4be6-ab5e-c5c7de1d3a0d,友納 理緒,友納理緒,parliamentary_vice_minister,環境大臣政務官、兼内閣府大臣政務官,第1次高市内閣,2025-10-21,2026-02-18,kantei_rekidai_naikaku,https://www.kantei.go.jp/jp/rekidainaikaku/104.html,2026-05-10
b878f2f7-6280-486f-9cb5-eaefef67ce89,古川 直季,古川直季,parliamentary_vice_minister,内閣府大臣政務官、兼復興大臣政務官,第1次高市内閣,2025-10-21,2026-02-18,kantei_rekidai_naikaku,https://www.kantei.go.jp/jp/rekidainaikaku/104.html,2026-05-10
62a25b1f-4f61-405f-8029-7964ce969615,吉田 真次,吉田真次,parliamentary_vice_minister,防衛大臣政務官、兼内閣府大臣政務官,第1次高市内閣,2025-10-21,2026-02-18,kantei_rekidai_naikaku,https://www.kantei.go.jp/jp/rekidainaikaku/104.html,2026-05-10
54a3f37f-8e59-44f4-9944-4a074a8580bb,向山 淳,向山淳,parliamentary_vice_minister,総務大臣政務官,第1次高市内閣,2025-10-21,2026-02-18,kantei_rekidai_naikaku,https://www.kantei.go.jp/jp/rekidainaikaku/104.html,2026-05-10
4965f5b3-a990-4560-95a8-d05f5762a55c,大西 洋平,大西洋平,parliamentary_vice_minister,外務大臣政務官,第1次高市内閣,2025-10-21,2026-02-18,kantei_rekidai_naikaku,https://www.kantei.go.jp/jp/rekidainaikaku/104.html,2026-05-10
aeb85d11-07b3-4dd9-b015-a2392665aeca,小森 卓郎,小森卓郎,parliamentary_vice_minister,経済産業大臣政務官、兼内閣府大臣政務官、兼復興大臣政務官,第1次高市内閣,2025-10-21,2026-02-18,kantei_rekidai_naikaku,https://www.kantei.go.jp/jp/rekidainaikaku/104.html,2026-05-10
ada5e91d-173b-4de5-8f61-481511040892,山本 啓介,山本啓介,parliamentary_vice_minister,農林水産大臣政務官,第1次高市内閣,2025-10-21,2026-02-18,kantei_rekidai_naikaku,https://www.kantei.go.jp/jp/rekidainaikaku/104.html,2026-05-10
f14dfa8f-306e-4ec9-a9ce-cf5a6234210d,島田 智明,島田智明,parliamentary_vice_minister,外務大臣政務官,第1次高市内閣,2025-10-21,2026-02-18,kantei_rekidai_naikaku,https://www.kantei.go.jp/jp/rekidainaikaku/104.html,2026-05-10
3fcb752b-b0f3-463c-a1a4-8ccfb3a04440,川崎 ひでと,川崎ひでと,parliamentary_vice_minister,デジタル大臣政務官、兼内閣府大臣政務官,第1次高市内閣,2025-10-21,2026-02-18,kantei_rekidai_naikaku,https://www.kantei.go.jp/jp/rekidainaikaku/104.html,2026-05-10
e2b5ae36-238f-4e50-8523-ca40dc71a2f3,広瀬 建,広瀬建,parliamentary_vice_minister,農林水産大臣政務官,第1次高市内閣,2025-10-21,2026-02-18,kantei_rekidai_naikaku,https://www.kantei.go.jp/jp/rekidainaikaku/104.html,2026-05-10
0cdf963a-2871-4e71-be7b-abbb40b2e563,栗原 渉,栗原渉,parliamentary_vice_minister,厚生労働大臣政務官,第1次高市内閣,2025-10-21,2026-02-18,kantei_rekidai_naikaku,https://www.kantei.go.jp/jp/rekidainaikaku/104.html,2026-05-10
a5b101ef-4a10-4a1f-894c-ef53203a1cf9,梶原 大介,梶原大介,parliamentary_vice_minister,総務大臣政務官,第1次高市内閣,2025-10-21,2026-02-18,kantei_rekidai_naikaku,https://www.kantei.go.jp/jp/rekidainaikaku/104.html,2026-05-10
736061e7-5cfc-45cd-b7a8-5c42afb638fe,森下 千里,森下千里,parliamentary_vice_minister,環境大臣政務官,第1次高市内閣,2025-10-21,2026-02-18,kantei_rekidai_naikaku,https://www.kantei.go.jp/jp/rekidainaikaku/104.html,2026-05-10
e34703c2-60b5-4cf9-80fe-742785ec5cc8,永井 学,永井学,parliamentary_vice_minister,国土交通大臣政務官,第1次高市内閣,2025-10-21,2026-02-18,kantei_rekidai_naikaku,https://www.kantei.go.jp/jp/rekidainaikaku/104.html,2026-05-10
aac3aa23-630e-4d48-be48-53d16b81c7cc,清水 真人,清水真人,parliamentary_vice_minister,文部科学大臣政務官、兼復興大臣政務官,第1次高市内閣,2025-10-21,2026-02-18,kantei_rekidai_naikaku,https://www.kantei.go.jp/jp/rekidainaikaku/104.html,2026-05-10
d1059bea-ab6e-4ffe-b567-d84e5ae8b6f9,神谷 政幸,神谷政幸,parliamentary_vice_minister,厚生労働大臣政務官,第1次高市内閣,2025-10-21,2026-02-18,kantei_rekidai_naikaku,https://www.kantei.go.jp/jp/rekidainaikaku/104.html,2026-05-10
2ca56164-6094-4dd3-911d-95d82cc2399e,福山 守,福山守,parliamentary_vice_minister,法務大臣政務官,第1次高市内閣,2025-10-21,2026-02-18,kantei_rekidai_naikaku,https://www.kantei.go.jp/jp/rekidainaikaku/104.html,2026-05-10
fd0bae45-113d-44c6-bd13-48ae9e2b98e8,福田 かおる,福田かおる,parliamentary_vice_minister,文部科学大臣政務官,第1次高市内閣,2025-10-21,2026-02-18,kantei_rekidai_naikaku,https://www.kantei.go.jp/jp/rekidainaikaku/104.html,2026-05-10
d384aef8-531c-4396-b712-3d8ccf74b06b,若山 慎司,若山慎司,parliamentary_vice_minister,内閣府大臣政務官,第1次高市内閣,2025-10-21,2026-02-18,kantei_rekidai_naikaku,https://www.kantei.go.jp/jp/rekidainaikaku/104.html,2026-05-10
f145f39b-c81e-4609-b156-d7ec16535718,若林 洋平,若林洋平,parliamentary_vice_minister,防衛大臣政務官,第1次高市内閣,2025-10-21,2026-02-18,kantei_rekidai_naikaku,https://www.kantei.go.jp/jp/rekidainaikaku/104.html,2026-05-10
8e3472de-92a1-4de9-8af1-2daeddf8499b,英利アルフィヤ,英利アルフィヤ,parliamentary_vice_minister,外務大臣政務官,第1次高市内閣,2025-10-21,2026-02-18,kantei_rekidai_naikaku,https://www.kantei.go.jp/jp/rekidainaikaku/104.html,2026-05-10
f24af67f-fb16-4aba-8ccc-eba753b2b4aa,越智 俊之,越智俊之,parliamentary_vice_minister,経済産業大臣政務官、兼内閣府大臣政務官,第1次高市内閣,2025-10-21,2026-02-18,kantei_rekidai_naikaku,https://www.kantei.go.jp/jp/rekidainaikaku/104.html,2026-05-10
869fe03a-c915-49f5-84df-f0a22b004e06,金子 容三,金子容三,parliamentary_vice_minister,内閣府大臣政務官,第1次高市内閣,2025-10-21,2026-02-18,kantei_rekidai_naikaku,https://www.kantei.go.jp/jp/rekidainaikaku/104.html,2026-05-10
e605bde0-4199-45e9-ad1c-867960899025,高橋 はるみ,高橋はるみ,parliamentary_vice_minister,財務大臣政務官,第1次高市内閣,2025-10-21,2026-02-18,kantei_rekidai_naikaku,https://www.kantei.go.jp/jp/rekidainaikaku/104.html,2026-05-10
9f03bc2a-12a1-4433-82d1-9d19f980b19b,高市 早苗,高市早苗,prime_minister,内閣総理大臣,第1次高市内閣,2025-10-21,2026-02-18,kantei_rekidai_naikaku,https://www.kantei.go.jp/jp/rekidainaikaku/104.html,2026-05-10
1746907c-e95a-4bd6-b861-539fe2e1c14f,三谷 英弘,三谷英弘,senior_vice_minister,法務副大臣,第1次高市内閣,2025-10-21,2026-02-18,kantei_rekidai_naikaku,https://www.kantei.go.jp/jp/rekidainaikaku/104.html,2026-05-10
f4ff839e-f92a-4e62-b970-e0d22340c2f3,中村 裕之,中村裕之,senior_vice_minister,文部科学副大臣,第1次高市内閣,2025-10-21,2026-02-18,kantei_rekidai_naikaku,https://www.kantei.go.jp/jp/rekidainaikaku/104.html,2026-05-10
6fd4d712-7bcb-4572-816c-44420f4c0d23,中谷 真一,中谷真一,senior_vice_minister,財務副大臣,第1次高市内閣,2025-10-21,2026-02-18,kantei_rekidai_naikaku,https://www.kantei.go.jp/jp/rekidainaikaku/104.html,2026-05-10
810cb6ed-0b1b-4418-a34c-a09aedc30218,井野 俊郎,井野俊郎,senior_vice_minister,経済産業副大臣、兼内閣府副大臣,第1次高市内閣,2025-10-21,2026-02-18,kantei_rekidai_naikaku,https://www.kantei.go.jp/jp/rekidainaikaku/104.html,2026-05-10
0bdaff73-df4f-4994-94b0-b5b625b90b7a,仁木 博文,仁木博文,senior_vice_minister,厚生労働副大臣,第1次高市内閣,2025-10-21,2026-02-18,kantei_rekidai_naikaku,https://www.kantei.go.jp/jp/rekidainaikaku/104.html,2026-05-10
4800f309-cdfd-456a-8d8b-34879adb985b,今枝 宗一郎,今枝宗一郎,senior_vice_minister,デジタル副大臣、兼内閣府副大臣,第1次高市内閣,2025-10-21,2026-02-18,kantei_rekidai_naikaku,https://www.kantei.go.jp/jp/rekidainaikaku/104.html,2026-05-10
d1e761db-2497-4329-9b5f-236c8d26ff56,国光 あやの,国光あやの,senior_vice_minister,外務副大臣,第1次高市内閣,2025-10-21,2026-02-18,kantei_rekidai_naikaku,https://www.kantei.go.jp/jp/rekidainaikaku/104.html,2026-05-10
b5f36817-4a7b-42b5-bb85-83b02f68e372,堀井 巌,堀井巌,senior_vice_minister,外務副大臣,第1次高市内閣,2025-10-21,2026-02-18,kantei_rekidai_naikaku,https://www.kantei.go.jp/jp/rekidainaikaku/104.html,2026-05-10
4c8be71f-f4ac-4fa9-8313-0530cf5c7984,堀内 詔子,堀内詔子,senior_vice_minister,総務副大臣,第1次高市内閣,2025-10-21,2026-02-18,kantei_rekidai_naikaku,https://www.kantei.go.jp/jp/rekidainaikaku/104.html,2026-05-10
edbbccb0-534e-4dcf-a605-d71ee10a1054,小林 茂樹,小林茂樹,senior_vice_minister,文部科学副大臣,第1次高市内閣,2025-10-21,2026-02-18,kantei_rekidai_naikaku,https://www.kantei.go.jp/jp/rekidainaikaku/104.html,2026-05-10
a316112e-68c7-4772-bce2-84fde556f653,山下 雄平,山下雄平,senior_vice_minister,農林水産副大臣,第1次高市内閣,2025-10-21,2026-02-18,kantei_rekidai_naikaku,https://www.kantei.go.jp/jp/rekidainaikaku/104.html,2026-05-10
b9fcff3b-3c5e-42db-8f97-3a06b1269b68,山田 賢司,山田賢司,senior_vice_minister,経済産業副大臣、兼内閣府副大臣,第1次高市内閣,2025-10-21,2026-02-18,kantei_rekidai_naikaku,https://www.kantei.go.jp/jp/rekidainaikaku/104.html,2026-05-10
f401d9b8-a626-481f-94b2-174d65ba1b6b,岩田 和親,岩田和親,senior_vice_minister,内閣府副大臣,第1次高市内閣,2025-10-21,2026-02-18,kantei_rekidai_naikaku,https://www.kantei.go.jp/jp/rekidainaikaku/104.html,2026-05-10
6f0cffa4-c990-40a4-8926-f469d544c0d8,根本 幸典,根本幸典,senior_vice_minister,農林水産副大臣,第1次高市内閣,2025-10-21,2026-02-18,kantei_rekidai_naikaku,https://www.kantei.go.jp/jp/rekidainaikaku/104.html,2026-05-10
d2a08c8a-3965-400b-b64b-685950e2cb38,津島 淳,津島淳,senior_vice_minister,内閣府副大臣,第1次高市内閣,2025-10-21,2026-02-18,kantei_rekidai_naikaku,https://www.kantei.go.jp/jp/rekidainaikaku/104.html,2026-05-10
9a567938-dcfc-43e4-906e-cd5dbb4b95d2,瀬戸 隆一,瀬戸隆一,senior_vice_minister,復興副大臣、たどころ よしのり（たどころ よしのり）、復興副大臣、兼内閣府副大臣,第1次高市内閣,2025-10-21,2026-02-18,kantei_rekidai_naikaku,https://www.kantei.go.jp/jp/rekidainaikaku/104.html,2026-05-10
f083d13f-38fc-4238-b7af-b8a2dd30ada6,舞立 昇治,舞立昇治,senior_vice_minister,財務副大臣,第1次高市内閣,2025-10-21,2026-02-18,kantei_rekidai_naikaku,https://www.kantei.go.jp/jp/rekidainaikaku/104.html,2026-05-10
35a3bfa1-1a1c-4678-a070-edaa97a2c61f,酒井 庸行,酒井庸行,senior_vice_minister,国土交通副大臣、佐々木 紀（ささき はじめ）、国土交通副大臣、兼内閣府副大臣、兼復興副大臣,第1次高市内閣,2025-10-21,2026-02-18,kantei_rekidai_naikaku,https://www.kantei.go.jp/jp/rekidainaikaku/104.html,2026-05-10
d69e893c-2c2e-47e8-ab02-6cb401cef404,鈴木 隼人,鈴木隼人,senior_vice_minister,内閣府副大臣,第1次高市内閣,2025-10-21,2026-02-18,kantei_rekidai_naikaku,https://www.kantei.go.jp/jp/rekidainaikaku/104.html,2026-05-10
b807ceaf-8f0a-488a-9d0d-e557207d3369,長坂 康正,長坂康正,senior_vice_minister,厚生労働副大臣,第1次高市内閣,2025-10-21,2026-02-18,kantei_rekidai_naikaku,https://www.kantei.go.jp/jp/rekidainaikaku/104.html,2026-05-10
05d63117-0935-40f8-b246-35d83d955fd7,青山 繁晴,青山繁晴,senior_vice_minister,環境副大臣,第1次高市内閣,2025-10-21,2026-02-18,kantei_rekidai_naikaku,https://www.kantei.go.jp/jp/rekidainaikaku/104.html,2026-05-10
3aa919b5-4c66-4b1d-bf3f-5acc7e618bbb,高橋 克法,高橋克法,senior_vice_minister,総務副大臣,第1次高市内閣,2025-10-21,2026-02-18,kantei_rekidai_naikaku,https://www.kantei.go.jp/jp/rekidainaikaku/104.html,2026-05-10
87251a07-3e0c-4ea0-8948-66078814fb9d,あかま 二郎,あかま二郎,minister,国家公安委員会委員長、領土問題担当、内閣府特命担当大臣（防災 海洋政策）,第2次高市内閣,2026-02-18,,kantei_rekidai_naikaku,https://www.kantei.go.jp/jp/rekidainaikaku/105.html,2026-05-10
fefe0f9b-7302-46be-801d-f39a60cce815,上野 賢一郎,上野賢一郎,minister,厚生労働大臣,第2次高市内閣,2026-02-18,,kantei_rekidai_naikaku,https://www.kantei.go.jp/jp/rekidainaikaku/105.html,2026-05-10
fa3d4711-be34-436a-97a1-2a646d9dbfbd,城内 実,城内実,minister,日本成長戦略担当、賃上げ環境整備担当、スタートアップ担当、全世代型社会保障改革担当、感染症危機管理担当、内閣府特命担当大臣（経済財政政策 規制改革）,第2次高市内閣,2026-02-18,,kantei_rekidai_naikaku,https://www.kantei.go.jp/jp/rekidainaikaku/105.html,2026-05-10
a58fea7d-25e9-432c-b504-b0de35ac2b46,小泉 進次郎,小泉進次郎,minister,防衛大臣,第2次高市内閣,2026-02-18,,kantei_rekidai_naikaku,https://www.kantei.go.jp/jp/rekidainaikaku/105.html,2026-05-10
478ddd42-cc38-47a2-b75d-108c97fe0df6,小野田 紀美,小野田紀美,minister,経済安全保障担当、外国人との秩序ある共生社会推進担当、内閣府特命担当大臣（クールジャパン戦略 知的財産戦略 科学技術政策 宇宙政策 人工知能戦略 経済安全保障）,第2次高市内閣,2026-02-18,,kantei_rekidai_naikaku,https://www.kantei.go.jp/jp/rekidainaikaku/105.html,2026-05-10
34fbdb85-24de-4dd7-897f-475c92d4df17,平口 洋,平口洋,minister,法務大臣,第2次高市内閣,2026-02-18,,kantei_rekidai_naikaku,https://www.kantei.go.jp/jp/rekidainaikaku/105.html,2026-05-10
cbdbfa2e-ce65-4b4c-b082-8fb692e85314,木原 稔,木原稔,minister,内閣官房長官、沖縄基地負担軽減担当、拉致問題担当,第2次高市内閣,2026-02-18,,kantei_rekidai_naikaku,https://www.kantei.go.jp/jp/rekidainaikaku/105.html,2026-05-10
2a23953c-6d75-434f-b72d-486cfdc1f93d,松本 尚,松本尚,minister,デジタル大臣、デジタル行財政改革担当、行政改革担当、国家公務員制度担当、サイバー安全保障担当、内閣府特命担当大臣（サイバー安全保障）,第2次高市内閣,2026-02-18,,kantei_rekidai_naikaku,https://www.kantei.go.jp/jp/rekidainaikaku/105.html,2026-05-10
de314d7e-dfbd-4c1c-b4db-65f447552852,松本 洋平,松本洋平,minister,文部科学大臣,第2次高市内閣,2026-02-18,,kantei_rekidai_naikaku,https://www.kantei.go.jp/jp/rekidainaikaku/105.html,2026-05-10
e5547a7a-a622-434f-9cbd-48106a2ab39f,林 芳正,林芳正,minister,総務大臣,第2次高市内閣,2026-02-18,,kantei_rekidai_naikaku,https://www.kantei.go.jp/jp/rekidainaikaku/105.html,2026-05-10
3e560b90-2f8d-4396-a83b-812c3d23e756,片山 さつき,片山さつき,minister,財務大臣、内閣府特命担当大臣（金融）、租税特別措置・補助金見直し担当,第2次高市内閣,2026-02-18,,kantei_rekidai_naikaku,https://www.kantei.go.jp/jp/rekidainaikaku/105.html,2026-05-10
3063219f-5736-403f-9fd1-e6777b12efc0,牧野 たかお,牧野たかお,minister,復興大臣、福島原発事故再生総括担当、防災庁設置準備担当、国土強靱化担当,第2次高市内閣,2026-02-18,,kantei_rekidai_naikaku,https://www.kantei.go.jp/jp/rekidainaikaku/105.html,2026-05-10
3ff83f0a-6b1b-4d7b-a429-fbe4a3dd37b3,石原 宏高,石原宏高,minister,環境大臣、内閣府特命担当大臣（原子力防災）,第2次高市内閣,2026-02-18,,kantei_rekidai_naikaku,https://www.kantei.go.jp/jp/rekidainaikaku/105.html,2026-05-10
f50e646b-5a8f-40e5-8ee4-1fe757ac1227,茂木 敏充,茂木敏充,minister,外務大臣,第2次高市内閣,2026-02-18,,kantei_rekidai_naikaku,https://www.kantei.go.jp/jp/rekidainaikaku/105.html,2026-05-10
f82b432d-c0ad-4891-a413-c87d495702f3,赤澤 亮正,赤澤亮正,minister,経済産業大臣、原子力経済被害担当、ＧＸ実行推進担当、産業競争力担当、中東情勢に伴う重要物資安定確保担当、内閣府特命担当大臣（原子力損害賠償・廃炉等支援機構）,第2次高市内閣,2026-02-18,,kantei_rekidai_naikaku,https://www.kantei.go.jp/jp/rekidainaikaku/105.html,2026-05-10
f18037eb-a9ed-4828-8735-2a19475c0983,金子 恭之,金子恭之,minister,国土交通大臣、水循環政策担当、国際園芸博覧会担当,第2次高市内閣,2026-02-18,,kantei_rekidai_naikaku,https://www.kantei.go.jp/jp/rekidainaikaku/105.html,2026-05-10
9fa72430-6133-4083-9563-2555e21d592d,鈴木 憲和,鈴木憲和,minister,農林水産大臣,第2次高市内閣,2026-02-18,,kantei_rekidai_naikaku,https://www.kantei.go.jp/jp/rekidainaikaku/105.html,2026-05-10
3cc1228b-5bf6-47a6-ae72-9c6a2dfbe086,黄川田 仁志,黄川田仁志,minister,内閣府特命担当大臣（沖縄及び北方対策 消費者及び食品安全 こども政策 少子化対策 若者活躍 男女共同参画 地方創生 アイヌ施策 共生・共助）、女性活躍担当、共生社会担当、地域未来戦略担当,第2次高市内閣,2026-02-18,,kantei_rekidai_naikaku,https://www.kantei.go.jp/jp/rekidainaikaku/105.html,2026-05-10
fc881de0-33ea-493b-bfe0-d89d5a383508,三反園 訓,三反園訓,parliamentary_vice_minister,財務大臣政務官,第2次高市内閣,2026-02-18,,kantei_rekidai_naikaku,https://www.kantei.go.jp/jp/rekidainaikaku/105.html,2026-05-10
d948f16a-c042-4ce0-ba6e-cfaf95cf7c40,上田 英俊,上田英俊,parliamentary_vice_minister,国土交通大臣政務官、兼内閣府大臣政務官、兼復興大臣政務官,第2次高市内閣,2026-02-18,,kantei_rekidai_naikaku,https://www.kantei.go.jp/jp/rekidainaikaku/105.html,2026-05-10
324f8005-746e-48b9-9d93-d8f65277fcc2,中野 英幸,中野英幸,parliamentary_vice_minister,総務大臣政務官,第2次高市内閣,2026-02-18,,kantei_rekidai_naikaku,https://www.kantei.go.jp/jp/rekidainaikaku/105.html,2026-05-10
b617ac82-0d8d-4127-9486-41fdc0639fa9,加藤 竜祥,加藤竜祥,parliamentary_vice_minister,国土交通大臣政務官,第2次高市内閣,2026-02-18,,kantei_rekidai_naikaku,https://www.kantei.go.jp/jp/rekidainaikaku/105.html,2026-05-10
520f06be-7b4c-4be6-ab5e-c5c7de1d3a0d,友納 理緒,友納理緒,parliamentary_vice_minister,環境大臣政務官、兼内閣府大臣政務官,第2次高市内閣,2026-02-18,,kantei_rekidai_naikaku,https://www.kantei.go.jp/jp/rekidainaikaku/105.html,2026-05-10
b878f2f7-6280-486f-9cb5-eaefef67ce89,古川 直季,古川直季,parliamentary_vice_minister,内閣府大臣政務官、兼復興大臣政務官,第2次高市内閣,2026-02-18,,kantei_rekidai_naikaku,https://www.kantei.go.jp/jp/rekidainaikaku/105.html,2026-05-10
62a25b1f-4f61-405f-8029-7964ce969615,吉田 真次,吉田真次,parliamentary_vice_minister,防衛大臣政務官、兼内閣府大臣政務官,第2次高市内閣,2026-02-18,,kantei_rekidai_naikaku,https://www.kantei.go.jp/jp/rekidainaikaku/105.html,2026-05-10
54a3f37f-8e59-44f4-9944-4a074a8580bb,向山 淳,向山淳,parliamentary_vice_minister,総務大臣政務官,第2次高市内閣,2026-02-18,,kantei_rekidai_naikaku,https://www.kantei.go.jp/jp/rekidainaikaku/105.html,2026-05-10
4965f5b3-a990-4560-95a8-d05f5762a55c,大西 洋平,大西洋平,parliamentary_vice_minister,外務大臣政務官,第2次高市内閣,2026-02-18,,kantei_rekidai_naikaku,https://www.kantei.go.jp/jp/rekidainaikaku/105.html,2026-05-10
aeb85d11-07b3-4dd9-b015-a2392665aeca,小森 卓郎,小森卓郎,parliamentary_vice_minister,経済産業大臣政務官、兼内閣府大臣政務官、兼復興大臣政務官,第2次高市内閣,2026-02-18,,kantei_rekidai_naikaku,https://www.kantei.go.jp/jp/rekidainaikaku/105.html,2026-05-10
ada5e91d-173b-4de5-8f61-481511040892,山本 啓介,山本啓介,parliamentary_vice_minister,農林水産大臣政務官,第2次高市内閣,2026-02-18,,kantei_rekidai_naikaku,https://www.kantei.go.jp/jp/rekidainaikaku/105.html,2026-05-10
f14dfa8f-306e-4ec9-a9ce-cf5a6234210d,島田 智明,島田智明,parliamentary_vice_minister,外務大臣政務官,第2次高市内閣,2026-02-18,,kantei_rekidai_naikaku,https://www.kantei.go.jp/jp/rekidainaikaku/105.html,2026-05-10
3fcb752b-b0f3-463c-a1a4-8ccfb3a04440,川崎 ひでと,川崎ひでと,parliamentary_vice_minister,デジタル大臣政務官、兼内閣府大臣政務官,第2次高市内閣,2026-02-18,,kantei_rekidai_naikaku,https://www.kantei.go.jp/jp/rekidainaikaku/105.html,2026-05-10
e2b5ae36-238f-4e50-8523-ca40dc71a2f3,広瀬 建,広瀬建,parliamentary_vice_minister,農林水産大臣政務官,第2次高市内閣,2026-02-18,,kantei_rekidai_naikaku,https://www.kantei.go.jp/jp/rekidainaikaku/105.html,2026-05-10
0cdf963a-2871-4e71-be7b-abbb40b2e563,栗原 渉,栗原渉,parliamentary_vice_minister,厚生労働大臣政務官,第2次高市内閣,2026-02-18,,kantei_rekidai_naikaku,https://www.kantei.go.jp/jp/rekidainaikaku/105.html,2026-05-10
a5b101ef-4a10-4a1f-894c-ef53203a1cf9,梶原 大介,梶原大介,parliamentary_vice_minister,総務大臣政務官,第2次高市内閣,2026-02-18,,kantei_rekidai_naikaku,https://www.kantei.go.jp/jp/rekidainaikaku/105.html,2026-05-10
736061e7-5cfc-45cd-b7a8-5c42afb638fe,森下 千里,森下千里,parliamentary_vice_minister,環境大臣政務官,第2次高市内閣,2026-02-18,,kantei_rekidai_naikaku,https://www.kantei.go.jp/jp/rekidainaikaku/105.html,2026-05-10
e34703c2-60b5-4cf9-80fe-742785ec5cc8,永井 学,永井学,parliamentary_vice_minister,国土交通大臣政務官,第2次高市内閣,2026-02-18,,kantei_rekidai_naikaku,https://www.kantei.go.jp/jp/rekidainaikaku/105.html,2026-05-10
aac3aa23-630e-4d48-be48-53d16b81c7cc,清水 真人,清水真人,parliamentary_vice_minister,文部科学大臣政務官、兼復興大臣政務官,第2次高市内閣,2026-02-18,,kantei_rekidai_naikaku,https://www.kantei.go.jp/jp/rekidainaikaku/105.html,2026-05-10
d1059bea-ab6e-4ffe-b567-d84e5ae8b6f9,神谷 政幸,神谷政幸,parliamentary_vice_minister,厚生労働大臣政務官,第2次高市内閣,2026-02-18,,kantei_rekidai_naikaku,https://www.kantei.go.jp/jp/rekidainaikaku/105.html,2026-05-10
2ca56164-6094-4dd3-911d-95d82cc2399e,福山 守,福山守,parliamentary_vice_minister,法務大臣政務官,第2次高市内閣,2026-02-18,,kantei_rekidai_naikaku,https://www.kantei.go.jp/jp/rekidainaikaku/105.html,2026-05-10
fd0bae45-113d-44c6-bd13-48ae9e2b98e8,福田 かおる,福田かおる,parliamentary_vice_minister,文部科学大臣政務官,第2次高市内閣,2026-02-18,,kantei_rekidai_naikaku,https://www.kantei.go.jp/jp/rekidainaikaku/105.html,2026-05-10
d384aef8-531c-4396-b712-3d8ccf74b06b,若山 慎司,若山慎司,parliamentary_vice_minister,内閣府大臣政務官,第2次高市内閣,2026-02-18,,kantei_rekidai_naikaku,https://www.kantei.go.jp/jp/rekidainaikaku/105.html,2026-05-10
f145f39b-c81e-4609-b156-d7ec16535718,若林 洋平,若林洋平,parliamentary_vice_minister,防衛大臣政務官,第2次高市内閣,2026-02-18,,kantei_rekidai_naikaku,https://www.kantei.go.jp/jp/rekidainaikaku/105.html,2026-05-10
8e3472de-92a1-4de9-8af1-2daeddf8499b,英利アルフィヤ,英利アルフィヤ,parliamentary_vice_minister,外務大臣政務官,第2次高市内閣,2026-02-18,,kantei_rekidai_naikaku,https://www.kantei.go.jp/jp/rekidainaikaku/105.html,2026-05-10
f24af67f-fb16-4aba-8ccc-eba753b2b4aa,越智 俊之,越智俊之,parliamentary_vice_minister,経済産業大臣政務官、兼内閣府大臣政務官,第2次高市内閣,2026-02-18,,kantei_rekidai_naikaku,https://www.kantei.go.jp/jp/rekidainaikaku/105.html,2026-05-10
869fe03a-c915-49f5-84df-f0a22b004e06,金子 容三,金子容三,parliamentary_vice_minister,内閣府大臣政務官,第2次高市内閣,2026-02-18,,kantei_rekidai_naikaku,https://www.kantei.go.jp/jp/rekidainaikaku/105.html,2026-05-10
e605bde0-4199-45e9-ad1c-867960899025,高橋 はるみ,高橋はるみ,parliamentary_vice_minister,財務大臣政務官,第2次高市内閣,2026-02-18,,kantei_rekidai_naikaku,https://www.kantei.go.jp/jp/rekidainaikaku/105.html,2026-05-10
9f03bc2a-12a1-4433-82d1-9d19f980b19b,高市 早苗,高市早苗,prime_minister,内閣総理大臣,第2次高市内閣,2026-02-18,,kantei_rekidai_naikaku,https://www.kantei.go.jp/jp/rekidainaikaku/105.html,2026-05-10
1746907c-e95a-4bd6-b861-539fe2e1c14f,三谷 英弘,三谷英弘,senior_vice_minister,法務副大臣,第2次高市内閣,2026-02-18,,kantei_rekidai_naikaku,https://www.kantei.go.jp/jp/rekidainaikaku/105.html,2026-05-10
f4ff839e-f92a-4e62-b970-e0d22340c2f3,中村 裕之,中村裕之,senior_vice_minister,文部科学副大臣,第2次高市内閣,2026-02-18,,kantei_rekidai_naikaku,https://www.kantei.go.jp/jp/rekidainaikaku/105.html,2026-05-10
6fd4d712-7bcb-4572-816c-44420f4c0d23,中谷 真一,中谷真一,senior_vice_minister,財務副大臣,第2次高市内閣,2026-02-18,,kantei_rekidai_naikaku,https://www.kantei.go.jp/jp/rekidainaikaku/105.html,2026-05-10
810cb6ed-0b1b-4418-a34c-a09aedc30218,井野 俊郎,井野俊郎,senior_vice_minister,経済産業副大臣,第2次高市内閣,2026-02-18,,kantei_rekidai_naikaku,https://www.kantei.go.jp/jp/rekidainaikaku/105.html,2026-05-10
0bdaff73-df4f-4994-94b0-b5b625b90b7a,仁木 博文,仁木博文,senior_vice_minister,厚生労働副大臣,第2次高市内閣,2026-02-18,,kantei_rekidai_naikaku,https://www.kantei.go.jp/jp/rekidainaikaku/105.html,2026-05-10
4800f309-cdfd-456a-8d8b-34879adb985b,今枝 宗一郎,今枝宗一郎,senior_vice_minister,デジタル副大臣、兼内閣府副大臣,第2次高市内閣,2026-02-18,,kantei_rekidai_naikaku,https://www.kantei.go.jp/jp/rekidainaikaku/105.html,2026-05-10
d1e761db-2497-4329-9b5f-236c8d26ff56,国光 あやの,国光あやの,senior_vice_minister,外務副大臣,第2次高市内閣,2026-02-18,,kantei_rekidai_naikaku,https://www.kantei.go.jp/jp/rekidainaikaku/105.html,2026-05-10
b5f36817-4a7b-42b5-bb85-83b02f68e372,堀井 巌,堀井巌,senior_vice_minister,外務副大臣,第2次高市内閣,2026-02-18,,kantei_rekidai_naikaku,https://www.kantei.go.jp/jp/rekidainaikaku/105.html,2026-05-10
4c8be71f-f4ac-4fa9-8313-0530cf5c7984,堀内 詔子,堀内詔子,senior_vice_minister,総務副大臣,第2次高市内閣,2026-02-18,,kantei_rekidai_naikaku,https://www.kantei.go.jp/jp/rekidainaikaku/105.html,2026-05-10
edbbccb0-534e-4dcf-a605-d71ee10a1054,小林 茂樹,小林茂樹,senior_vice_minister,文部科学副大臣,第2次高市内閣,2026-02-18,,kantei_rekidai_naikaku,https://www.kantei.go.jp/jp/rekidainaikaku/105.html,2026-05-10
a316112e-68c7-4772-bce2-84fde556f653,山下 雄平,山下雄平,senior_vice_minister,農林水産副大臣,第2次高市内閣,2026-02-18,,kantei_rekidai_naikaku,https://www.kantei.go.jp/jp/rekidainaikaku/105.html,2026-05-10
b9fcff3b-3c5e-42db-8f97-3a06b1269b68,山田 賢司,山田賢司,senior_vice_minister,経済産業副大臣、兼内閣府副大臣,第2次高市内閣,2026-02-18,,kantei_rekidai_naikaku,https://www.kantei.go.jp/jp/rekidainaikaku/105.html,2026-05-10
f401d9b8-a626-481f-94b2-174d65ba1b6b,岩田 和親,岩田和親,senior_vice_minister,内閣府副大臣,第2次高市内閣,2026-02-18,,kantei_rekidai_naikaku,https://www.kantei.go.jp/jp/rekidainaikaku/105.html,2026-05-10
6f0cffa4-c990-40a4-8926-f469d544c0d8,根本 幸典,根本幸典,senior_vice_minister,農林水産副大臣,第2次高市内閣,2026-02-18,,kantei_rekidai_naikaku,https://www.kantei.go.jp/jp/rekidainaikaku/105.html,2026-05-10
d2a08c8a-3965-400b-b64b-685950e2cb38,津島 淳,津島淳,senior_vice_minister,内閣府副大臣,第2次高市内閣,2026-02-18,,kantei_rekidai_naikaku,https://www.kantei.go.jp/jp/rekidainaikaku/105.html,2026-05-10
9a567938-dcfc-43e4-906e-cd5dbb4b95d2,瀬戸 隆一,瀬戸隆一,senior_vice_minister,復興副大臣、たどころ よしのり（たどころ よしのり）、復興副大臣、兼内閣府副大臣,第2次高市内閣,2026-02-18,,kantei_rekidai_naikaku,https://www.kantei.go.jp/jp/rekidainaikaku/105.html,2026-05-10
f083d13f-38fc-4238-b7af-b8a2dd30ada6,舞立 昇治,舞立昇治,senior_vice_minister,財務副大臣,第2次高市内閣,2026-02-18,,kantei_rekidai_naikaku,https://www.kantei.go.jp/jp/rekidainaikaku/105.html,2026-05-10
35a3bfa1-1a1c-4678-a070-edaa97a2c61f,酒井 庸行,酒井庸行,senior_vice_minister,国土交通副大臣、佐々木 紀（ささき はじめ）、国土交通副大臣、兼内閣府副大臣、兼復興副大臣,第2次高市内閣,2026-02-18,,kantei_rekidai_naikaku,https://www.kantei.go.jp/jp/rekidainaikaku/105.html,2026-05-10
d69e893c-2c2e-47e8-ab02-6cb401cef404,鈴木 隼人,鈴木隼人,senior_vice_minister,内閣府副大臣,第2次高市内閣,2026-02-18,,kantei_rekidai_naikaku,https://www.kantei.go.jp/jp/rekidainaikaku/105.html,2026-05-10
b807ceaf-8f0a-488a-9d0d-e557207d3369,長坂 康正,長坂康正,senior_vice_minister,厚生労働副大臣,第2次高市内閣,2026-02-18,,kantei_rekidai_naikaku,https://www.kantei.go.jp/jp/rekidainaikaku/105.html,2026-05-10
05d63117-0935-40f8-b246-35d83d955fd7,青山 繁晴,青山繁晴,senior_vice_minister,環境副大臣,第2次高市内閣,2026-02-18,,kantei_rekidai_naikaku,https://www.kantei.go.jp/jp/rekidainaikaku/105.html,2026-05-10
3aa919b5-4c66-4b1d-bf3f-5acc7e618bbb,高橋 克法,高橋克法,senior_vice_minister,総務副大臣,第2次高市内閣,2026-02-18,,kantei_rekidai_naikaku,https://www.kantei.go.jp/jp/rekidainaikaku/105.html,2026-05-10
